2025-04-18 23:31:30,473 INFO {
    "alpha": 1.0,
    "attn_mask_ratio": 0.1,
    "blur_max_kernel": 5,
    "blur_max_sigma": 5,
    "blur_min_kernel": 3,
    "blur_min_sigma": 3,
    "cos_temp": 8,
    "data_path": "./data/LAM/lines/",
    "dila_ero_iter": 1,
    "dila_ero_max_kernel": 2,
    "dpi_max_factor": 1.5,
    "dpi_min_factor": 0.5,
    "elastic_distortion_max_alpha": 1,
    "elastic_distortion_max_kernel_size": 3,
    "elastic_distortion_max_magnitude": 20,
    "elastic_distortion_max_sigma": 10,
    "elastic_distortion_min_alpha": 0.5,
    "elastic_distortion_min_kernel_size": 3,
    "elastic_distortion_min_sigma": 1,
    "ema_decay": 0.9999,
    "eval_iter": 1000,
    "exp_name": "lam",
    "img_size": [
        512,
        64
    ],
    "jitter_brightness": 0.4,
    "jitter_contrast": 0.4,
    "jitter_hue": 0.2,
    "jitter_saturation": 0.4,
    "mask_ratio": 0.4,
    "max_lr": 0.001,
    "max_span_length": 8,
    "nb_cls": 94,
    "num_workers": 0,
    "out_dir": "./output",
    "patch_size": [
        4,
        32
    ],
    "perspective_high": 0.4,
    "perspective_low": 0.0,
    "print_iter": 100,
    "proba": 0.5,
    "proj": 8.0,
    "save_dir": "./output/lam",
    "seed": 123,
    "sharpen_max_alpha": 1,
    "sharpen_max_strength": 1,
    "sharpen_min_alpha": 0,
    "sharpen_min_strength": 0,
    "spacing": 0,
    "subcommand": "LAM",
    "test_data_list": "./data/LAM/test.ln",
    "total_iter": 100000,
    "train_bs": 64,
    "train_data_list": "./data/LAM/train.ln",
    "use_wandb": false,
    "val_bs": 8,
    "val_data_list": "./data/LAM/val.ln",
    "warm_up_iter": 1000,
    "weight_decay": 0.5,
    "zoom_max_h": 1,
    "zoom_max_w": 1,
    "zoom_min_h": 0.8,
    "zoom_min_w": 0.99
}
2025-04-18 23:31:30,904 INFO total_param is 53496862
2025-04-18 23:31:31,027 INFO Loading train loader...
2025-04-18 23:31:31,088 INFO Loading val loader...
2025-04-18 23:32:55,235 INFO {
    "alpha": 1.0,
    "attn_mask_ratio": 0.1,
    "blur_max_kernel": 5,
    "blur_max_sigma": 5,
    "blur_min_kernel": 3,
    "blur_min_sigma": 3,
    "cos_temp": 8,
    "data_path": "./data/LAM/lines/",
    "dila_ero_iter": 1,
    "dila_ero_max_kernel": 2,
    "dpi_max_factor": 1.5,
    "dpi_min_factor": 0.5,
    "elastic_distortion_max_alpha": 1,
    "elastic_distortion_max_kernel_size": 3,
    "elastic_distortion_max_magnitude": 20,
    "elastic_distortion_max_sigma": 10,
    "elastic_distortion_min_alpha": 0.5,
    "elastic_distortion_min_kernel_size": 3,
    "elastic_distortion_min_sigma": 1,
    "ema_decay": 0.9999,
    "eval_iter": 1000,
    "exp_name": "lam",
    "img_size": [
        512,
        64
    ],
    "jitter_brightness": 0.4,
    "jitter_contrast": 0.4,
    "jitter_hue": 0.2,
    "jitter_saturation": 0.4,
    "mask_ratio": 0.4,
    "max_lr": 0.001,
    "max_span_length": 8,
    "nb_cls": 85,
    "num_workers": 0,
    "out_dir": "./output",
    "patch_size": [
        4,
        32
    ],
    "perspective_high": 0.4,
    "perspective_low": 0.0,
    "print_iter": 100,
    "proba": 0.5,
    "proj": 8.0,
    "save_dir": "./output/lam",
    "seed": 123,
    "sharpen_max_alpha": 1,
    "sharpen_max_strength": 1,
    "sharpen_min_alpha": 0,
    "sharpen_min_strength": 0,
    "spacing": 0,
    "subcommand": "LAM",
    "test_data_list": "./data/LAM/test.ln",
    "total_iter": 100000,
    "train_bs": 64,
    "train_data_list": "./data/LAM/train.ln",
    "use_wandb": false,
    "val_bs": 8,
    "val_data_list": "./data/LAM/val.ln",
    "warm_up_iter": 1000,
    "weight_decay": 0.5,
    "zoom_max_h": 1,
    "zoom_max_w": 1,
    "zoom_min_h": 0.8,
    "zoom_min_w": 0.99
}
2025-04-18 23:32:55,627 INFO total_param is 53489941
2025-04-18 23:32:55,752 INFO Loading train loader...
2025-04-18 23:32:55,812 INFO Loading val loader...
2025-04-18 23:37:14,631 INFO Iter : 100 	 LR : 0.00010 	 training loss : 169.68031 	 
2025-04-18 23:41:33,847 INFO Iter : 200 	 LR : 0.00020 	 training loss : 52.86271 	 
2025-04-18 23:45:51,969 INFO Iter : 300 	 LR : 0.00030 	 training loss : 45.49246 	 
2025-04-18 23:50:11,838 INFO Iter : 400 	 LR : 0.00040 	 training loss : 43.42329 	 
2025-04-18 23:54:31,259 INFO Iter : 500 	 LR : 0.00050 	 training loss : 41.98064 	 
2025-04-18 23:58:48,685 INFO Iter : 600 	 LR : 0.00060 	 training loss : 39.96399 	 
2025-04-19 00:03:08,411 INFO Iter : 700 	 LR : 0.00070 	 training loss : 38.87414 	 
2025-04-19 00:07:25,289 INFO Iter : 800 	 LR : 0.00080 	 training loss : 36.19622 	 
2025-04-19 00:11:44,611 INFO Iter : 900 	 LR : 0.00090 	 training loss : 35.88179 	 
2025-04-19 00:16:03,402 INFO Iter : 1000 	 LR : 0.00100 	 training loss : 35.02342 	 
2025-04-19 06:13:09,133 INFO {
    "alpha": 1.0,
    "attn_mask_ratio": 0.1,
    "blur_max_kernel": 5,
    "blur_max_sigma": 5,
    "blur_min_kernel": 3,
    "blur_min_sigma": 3,
    "cos_temp": 8,
    "data_path": "./data/LAM/lines/",
    "dila_ero_iter": 1,
    "dila_ero_max_kernel": 2,
    "dpi_max_factor": 1.5,
    "dpi_min_factor": 0.5,
    "elastic_distortion_max_alpha": 1,
    "elastic_distortion_max_kernel_size": 3,
    "elastic_distortion_max_magnitude": 20,
    "elastic_distortion_max_sigma": 10,
    "elastic_distortion_min_alpha": 0.5,
    "elastic_distortion_min_kernel_size": 3,
    "elastic_distortion_min_sigma": 1,
    "ema_decay": 0.9999,
    "eval_iter": 1000,
    "exp_name": "lam",
    "img_size": [
        512,
        64
    ],
    "jitter_brightness": 0.4,
    "jitter_contrast": 0.4,
    "jitter_hue": 0.2,
    "jitter_saturation": 0.4,
    "mask_ratio": 0.4,
    "max_lr": 0.001,
    "max_span_length": 8,
    "nb_cls": 85,
    "num_workers": 0,
    "out_dir": "./output",
    "patch_size": [
        4,
        32
    ],
    "perspective_high": 0.4,
    "perspective_low": 0.0,
    "print_iter": 100,
    "proba": 0.5,
    "proj": 8.0,
    "save_dir": "./output/lam",
    "seed": 123,
    "sharpen_max_alpha": 1,
    "sharpen_max_strength": 1,
    "sharpen_min_alpha": 0,
    "sharpen_min_strength": 0,
    "spacing": 0,
    "subcommand": "LAM",
    "test_data_list": "./data/LAM/test.ln",
    "total_iter": 100000,
    "train_bs": 64,
    "train_data_list": "./data/LAM/train.ln",
    "use_wandb": false,
    "val_bs": 8,
    "val_data_list": "./data/LAM/val.ln",
    "warm_up_iter": 1000,
    "weight_decay": 0.5,
    "zoom_max_h": 1,
    "zoom_max_w": 1,
    "zoom_min_h": 0.8,
    "zoom_min_w": 0.99
}
2025-04-19 06:13:09,523 INFO total_param is 53489941
2025-04-19 06:13:09,648 INFO Loading train loader...
2025-04-19 06:13:09,706 INFO Loading val loader...
2025-04-19 06:17:28,484 INFO Iter : 100 	 LR : 0.00010 	 training loss : 176.96125 	 
2025-04-19 06:21:47,184 INFO Iter : 200 	 LR : 0.00020 	 training loss : 54.02356 	 
2025-04-19 06:26:03,269 INFO Iter : 300 	 LR : 0.00030 	 training loss : 46.21138 	 
2025-04-19 06:30:22,017 INFO Iter : 400 	 LR : 0.00040 	 training loss : 43.19576 	 
2025-04-19 06:34:40,513 INFO Iter : 500 	 LR : 0.00050 	 training loss : 42.27073 	 
2025-04-19 06:38:57,783 INFO Iter : 600 	 LR : 0.00060 	 training loss : 40.24643 	 
2025-04-19 06:43:17,587 INFO Iter : 700 	 LR : 0.00070 	 training loss : 37.83881 	 
2025-04-19 06:47:35,827 INFO Iter : 800 	 LR : 0.00080 	 training loss : 37.12088 	 
2025-04-19 06:51:53,351 INFO Iter : 900 	 LR : 0.00090 	 training loss : 34.77353 	 
2025-04-19 06:56:12,963 INFO Iter : 1000 	 LR : 0.00100 	 training loss : 36.43039 	 
2025-04-19 06:56:16,507 INFO CER improved from 1000000.0000 to 0.0149!!!
2025-04-19 06:56:16,818 INFO WER improved from 1000000.0000 to 0.0403!!!
2025-04-19 06:56:17,125 INFO Val. loss : 4.466 	 CER : 0.0149 	 WER : 0.0403 	 
2025-04-19 07:00:33,592 INFO Iter : 1100 	 LR : 0.00100 	 training loss : 35.36176 	 
2025-04-19 07:04:52,543 INFO Iter : 1200 	 LR : 0.00100 	 training loss : 35.33233 	 
2025-04-19 07:09:11,728 INFO Iter : 1300 	 LR : 0.00100 	 training loss : 33.31409 	 
2025-04-19 07:13:28,843 INFO Iter : 1400 	 LR : 0.00100 	 training loss : 33.48670 	 
2025-04-19 07:17:48,386 INFO Iter : 1500 	 LR : 0.00100 	 training loss : 31.59952 	 
2025-04-19 07:22:05,667 INFO Iter : 1600 	 LR : 0.00100 	 training loss : 30.19055 	 
2025-04-19 07:26:25,346 INFO Iter : 1700 	 LR : 0.00100 	 training loss : 29.36767 	 
2025-04-19 07:30:44,194 INFO Iter : 1800 	 LR : 0.00100 	 training loss : 29.03181 	 
2025-04-19 07:35:00,975 INFO Iter : 1900 	 LR : 0.00100 	 training loss : 27.28426 	 
2025-04-19 07:39:21,295 INFO Iter : 2000 	 LR : 0.00100 	 training loss : 25.98283 	 
2025-04-19 07:39:24,812 INFO CER improved from 0.0149 to 0.0125!!!
2025-04-19 07:39:29,638 INFO WER improved from 0.0403 to 0.0300!!!
2025-04-19 07:39:33,886 INFO Val. loss : 3.956 	 CER : 0.0125 	 WER : 0.0300 	 
2025-04-19 07:43:50,988 INFO Iter : 2100 	 LR : 0.00100 	 training loss : 24.28949 	 
2025-04-19 07:48:09,644 INFO Iter : 2200 	 LR : 0.00100 	 training loss : 23.49649 	 
2025-04-19 07:52:29,247 INFO Iter : 2300 	 LR : 0.00100 	 training loss : 21.32138 	 
2025-04-19 07:56:46,993 INFO Iter : 2400 	 LR : 0.00100 	 training loss : 19.85558 	 
2025-04-19 08:01:06,326 INFO Iter : 2500 	 LR : 0.00100 	 training loss : 18.99365 	 
2025-04-19 08:05:27,317 INFO Iter : 2600 	 LR : 0.00100 	 training loss : 18.26191 	 
2025-04-19 08:09:44,753 INFO Iter : 2700 	 LR : 0.00100 	 training loss : 17.39852 	 
2025-04-19 08:14:03,645 INFO Iter : 2800 	 LR : 0.00100 	 training loss : 15.74480 	 
2025-04-19 08:18:19,750 INFO Iter : 2900 	 LR : 0.00100 	 training loss : 14.80899 	 
2025-04-19 08:22:40,184 INFO Iter : 3000 	 LR : 0.00100 	 training loss : 14.42977 	 
2025-04-19 08:22:43,676 INFO CER improved from 0.0125 to 0.0119!!!
2025-04-19 08:22:48,543 INFO WER improved from 0.0300 to 0.0270!!!
2025-04-19 08:22:52,739 INFO Val. loss : 3.789 	 CER : 0.0119 	 WER : 0.0270 	 
2025-04-19 08:27:12,904 INFO Iter : 3100 	 LR : 0.00100 	 training loss : 14.15500 	 
2025-04-19 08:31:29,252 INFO Iter : 3200 	 LR : 0.00100 	 training loss : 14.31202 	 
2025-04-19 08:35:49,054 INFO Iter : 3300 	 LR : 0.00100 	 training loss : 13.22242 	 
2025-04-19 08:40:07,881 INFO Iter : 3400 	 LR : 0.00100 	 training loss : 12.38249 	 
2025-04-19 08:44:23,905 INFO Iter : 3500 	 LR : 0.00100 	 training loss : 12.34861 	 
2025-04-19 08:48:42,411 INFO Iter : 3600 	 LR : 0.00100 	 training loss : 12.12065 	 
2025-04-19 08:52:58,807 INFO Iter : 3700 	 LR : 0.00100 	 training loss : 11.99617 	 
2025-04-19 08:57:18,154 INFO Iter : 3800 	 LR : 0.00100 	 training loss : 11.45156 	 
2025-04-19 09:01:37,030 INFO Iter : 3900 	 LR : 0.00100 	 training loss : 11.36264 	 
2025-04-19 09:05:53,068 INFO Iter : 4000 	 LR : 0.00100 	 training loss : 10.74150 	 
2025-04-19 09:05:56,631 INFO CER improved from 0.0119 to 0.0109!!!
2025-04-19 09:06:01,428 INFO WER improved from 0.0270 to 0.0236!!!
2025-04-19 09:06:05,667 INFO Val. loss : 3.677 	 CER : 0.0109 	 WER : 0.0236 	 
2025-04-19 09:10:24,798 INFO Iter : 4100 	 LR : 0.00100 	 training loss : 10.80632 	 
2025-04-19 09:14:40,645 INFO Iter : 4200 	 LR : 0.00100 	 training loss : 11.01017 	 
2025-04-19 09:19:00,299 INFO Iter : 4300 	 LR : 0.00100 	 training loss : 10.59098 	 
2025-04-19 09:23:19,424 INFO Iter : 4400 	 LR : 0.00100 	 training loss : 10.17619 	 
2025-04-19 09:27:35,781 INFO Iter : 4500 	 LR : 0.00099 	 training loss : 10.56932 	 
2025-04-19 09:31:53,938 INFO Iter : 4600 	 LR : 0.00099 	 training loss : 10.34365 	 
2025-04-19 09:36:12,174 INFO Iter : 4700 	 LR : 0.00099 	 training loss : 10.83947 	 
2025-04-19 09:40:27,273 INFO Iter : 4800 	 LR : 0.00099 	 training loss : 10.78172 	 
2025-04-19 09:44:46,743 INFO Iter : 4900 	 LR : 0.00099 	 training loss : 10.09060 	 
2025-04-19 09:49:02,734 INFO Iter : 5000 	 LR : 0.00099 	 training loss : 9.04671 	 
2025-04-19 09:49:06,238 INFO WER improved from 0.0236 to 0.0232!!!
2025-04-19 09:49:11,073 INFO Val. loss : 3.697 	 CER : 0.0113 	 WER : 0.0232 	 
2025-04-19 09:53:29,730 INFO Iter : 5100 	 LR : 0.00099 	 training loss : 9.99703 	 
2025-04-19 09:57:48,990 INFO Iter : 5200 	 LR : 0.00099 	 training loss : 9.51075 	 
2025-04-19 10:02:05,046 INFO Iter : 5300 	 LR : 0.00099 	 training loss : 9.38949 	 
2025-04-19 10:06:24,680 INFO Iter : 5400 	 LR : 0.00099 	 training loss : 9.39639 	 
2025-04-19 10:10:43,068 INFO Iter : 5500 	 LR : 0.00099 	 training loss : 8.89634 	 
2025-04-19 10:14:59,863 INFO Iter : 5600 	 LR : 0.00099 	 training loss : 9.78231 	 
2025-04-19 10:19:18,738 INFO Iter : 5700 	 LR : 0.00099 	 training loss : 9.89509 	 
2025-04-19 10:23:35,243 INFO Iter : 5800 	 LR : 0.00099 	 training loss : 9.28515 	 
2025-04-19 10:27:54,414 INFO Iter : 5900 	 LR : 0.00099 	 training loss : 10.23880 	 
2025-04-19 10:32:13,179 INFO Iter : 6000 	 LR : 0.00099 	 training loss : 9.38721 	 
2025-04-19 10:32:16,655 INFO Val. loss : 3.908 	 CER : 0.0116 	 WER : 0.0243 	 
2025-04-19 10:36:33,510 INFO Iter : 6100 	 LR : 0.00099 	 training loss : 10.21483 	 
2025-04-19 10:40:52,709 INFO Iter : 6200 	 LR : 0.00099 	 training loss : 9.89762 	 
2025-04-19 10:45:08,887 INFO Iter : 6300 	 LR : 0.00099 	 training loss : 9.36145 	 
2025-04-19 10:49:27,138 INFO Iter : 6400 	 LR : 0.00099 	 training loss : 9.00343 	 
2025-04-19 10:53:46,534 INFO Iter : 6500 	 LR : 0.00099 	 training loss : 9.93205 	 
2025-04-19 10:58:02,440 INFO Iter : 6600 	 LR : 0.00099 	 training loss : 9.67298 	 
2025-04-19 11:02:19,312 INFO Iter : 6700 	 LR : 0.00099 	 training loss : 8.97512 	 
2025-04-19 11:06:38,582 INFO Iter : 6800 	 LR : 0.00099 	 training loss : 9.06622 	 
2025-04-19 11:10:54,967 INFO Iter : 6900 	 LR : 0.00099 	 training loss : 8.96663 	 
2025-04-19 11:15:13,555 INFO Iter : 7000 	 LR : 0.00099 	 training loss : 9.17191 	 
2025-04-19 11:15:17,013 INFO Val. loss : 3.754 	 CER : 0.0111 	 WER : 0.0240 	 
2025-04-19 11:19:31,951 INFO Iter : 7100 	 LR : 0.00099 	 training loss : 8.64505 	 
2025-04-19 11:23:50,807 INFO Iter : 7200 	 LR : 0.00099 	 training loss : 9.21315 	 
2025-04-19 11:28:09,486 INFO Iter : 7300 	 LR : 0.00099 	 training loss : 9.00437 	 
2025-04-19 11:32:26,751 INFO Iter : 7400 	 LR : 0.00099 	 training loss : 9.19673 	 
2025-04-19 11:36:44,847 INFO Iter : 7500 	 LR : 0.00099 	 training loss : 8.37676 	 
2025-04-19 11:41:02,433 INFO Iter : 7600 	 LR : 0.00099 	 training loss : 9.38908 	 
2025-04-19 11:45:17,714 INFO Iter : 7700 	 LR : 0.00099 	 training loss : 8.69857 	 
2025-04-19 11:49:36,234 INFO Iter : 7800 	 LR : 0.00098 	 training loss : 9.21549 	 
2025-04-19 11:53:52,351 INFO Iter : 7900 	 LR : 0.00098 	 training loss : 8.82379 	 
2025-04-19 11:58:10,843 INFO Iter : 8000 	 LR : 0.00098 	 training loss : 8.18877 	 
2025-04-19 11:58:14,286 INFO Val. loss : 3.831 	 CER : 0.0114 	 WER : 0.0259 	 
2025-04-19 12:02:32,734 INFO Iter : 8100 	 LR : 0.00098 	 training loss : 8.17465 	 
2025-04-19 12:06:48,530 INFO Iter : 8200 	 LR : 0.00098 	 training loss : 9.19778 	 
2025-04-19 12:11:06,015 INFO Iter : 8300 	 LR : 0.00098 	 training loss : 8.97097 	 
2025-04-19 12:15:21,064 INFO Iter : 8400 	 LR : 0.00098 	 training loss : 8.55568 	 
2025-04-19 12:19:39,996 INFO Iter : 8500 	 LR : 0.00098 	 training loss : 8.15290 	 
2025-04-19 12:23:59,769 INFO Iter : 8600 	 LR : 0.00098 	 training loss : 8.90279 	 
2025-04-19 12:28:14,526 INFO Iter : 8700 	 LR : 0.00098 	 training loss : 9.07727 	 
2025-04-19 12:32:32,335 INFO Iter : 8800 	 LR : 0.00098 	 training loss : 7.99869 	 
2025-04-19 12:36:50,681 INFO Iter : 8900 	 LR : 0.00098 	 training loss : 8.51280 	 
2025-04-19 12:41:05,595 INFO Iter : 9000 	 LR : 0.00098 	 training loss : 8.54500 	 
2025-04-19 12:41:09,038 INFO Val. loss : 3.697 	 CER : 0.0116 	 WER : 0.0259 	 
2025-04-19 12:45:27,218 INFO Iter : 9100 	 LR : 0.00098 	 training loss : 8.15388 	 
2025-04-19 12:49:42,418 INFO Iter : 9200 	 LR : 0.00098 	 training loss : 8.73204 	 
2025-04-19 12:54:00,445 INFO Iter : 9300 	 LR : 0.00098 	 training loss : 7.99672 	 
2025-04-19 12:58:19,577 INFO Iter : 9400 	 LR : 0.00098 	 training loss : 8.37371 	 
2025-04-19 13:02:35,606 INFO Iter : 9500 	 LR : 0.00098 	 training loss : 8.16273 	 
2025-04-19 13:06:53,104 INFO Iter : 9600 	 LR : 0.00098 	 training loss : 7.97057 	 
2025-04-19 13:11:12,109 INFO Iter : 9700 	 LR : 0.00098 	 training loss : 8.46692 	 
2025-04-19 13:15:28,749 INFO Iter : 9800 	 LR : 0.00098 	 training loss : 7.90558 	 
2025-04-19 13:19:46,407 INFO Iter : 9900 	 LR : 0.00098 	 training loss : 7.78268 	 
2025-04-19 13:24:02,408 INFO Iter : 10000 	 LR : 0.00098 	 training loss : 8.73364 	 
2025-04-19 13:24:05,845 INFO Val. loss : 3.742 	 CER : 0.0117 	 WER : 0.0255 	 
2025-04-19 13:28:24,166 INFO Iter : 10100 	 LR : 0.00097 	 training loss : 7.70278 	 
2025-04-19 13:32:42,478 INFO Iter : 10200 	 LR : 0.00097 	 training loss : 8.22462 	 
2025-04-19 13:36:57,195 INFO Iter : 10300 	 LR : 0.00097 	 training loss : 7.65218 	 
2025-04-19 13:41:16,017 INFO Iter : 10400 	 LR : 0.00097 	 training loss : 8.85898 	 
2025-04-19 13:45:31,398 INFO Iter : 10500 	 LR : 0.00097 	 training loss : 8.49664 	 
2025-04-19 13:49:48,983 INFO Iter : 10600 	 LR : 0.00097 	 training loss : 8.64213 	 
2025-04-19 13:54:06,286 INFO Iter : 10700 	 LR : 0.00097 	 training loss : 7.36467 	 
2025-04-19 13:58:21,743 INFO Iter : 10800 	 LR : 0.00097 	 training loss : 8.23861 	 
2025-04-19 14:02:39,501 INFO Iter : 10900 	 LR : 0.00097 	 training loss : 8.06332 	 
2025-04-19 14:06:56,900 INFO Iter : 11000 	 LR : 0.00097 	 training loss : 8.51526 	 
2025-04-19 14:07:00,332 INFO Val. loss : 3.684 	 CER : 0.0114 	 WER : 0.0255 	 
2025-04-19 14:11:15,464 INFO Iter : 11100 	 LR : 0.00097 	 training loss : 8.80164 	 
2025-04-19 14:15:32,947 INFO Iter : 11200 	 LR : 0.00097 	 training loss : 7.47974 	 
2025-04-19 14:19:48,811 INFO Iter : 11300 	 LR : 0.00097 	 training loss : 8.24895 	 
2025-04-19 14:24:05,036 INFO Iter : 11400 	 LR : 0.00097 	 training loss : 7.91660 	 
2025-04-19 14:28:21,052 INFO Iter : 11500 	 LR : 0.00097 	 training loss : 8.28763 	 
2025-04-19 14:32:36,286 INFO Iter : 11600 	 LR : 0.00097 	 training loss : 8.57520 	 
2025-04-19 14:36:53,071 INFO Iter : 11700 	 LR : 0.00097 	 training loss : 7.64192 	 
2025-04-19 14:41:09,984 INFO Iter : 11800 	 LR : 0.00097 	 training loss : 8.61533 	 
2025-04-19 14:45:24,192 INFO Iter : 11900 	 LR : 0.00096 	 training loss : 7.60671 	 
2025-04-19 14:49:43,647 INFO Iter : 12000 	 LR : 0.00096 	 training loss : 7.73089 	 
2025-04-19 14:49:47,058 INFO Val. loss : 3.833 	 CER : 0.0117 	 WER : 0.0262 	 
2025-04-19 14:54:02,184 INFO Iter : 12100 	 LR : 0.00096 	 training loss : 8.18921 	 
2025-04-19 14:58:19,588 INFO Iter : 12200 	 LR : 0.00096 	 training loss : 7.36539 	 
2025-04-19 15:02:36,101 INFO Iter : 12300 	 LR : 0.00096 	 training loss : 8.23066 	 
2025-04-19 15:06:51,631 INFO Iter : 12400 	 LR : 0.00096 	 training loss : 8.33659 	 
2025-04-19 15:11:09,029 INFO Iter : 12500 	 LR : 0.00096 	 training loss : 8.41636 	 
2025-04-19 15:15:23,952 INFO Iter : 12600 	 LR : 0.00096 	 training loss : 7.20988 	 
2025-04-19 15:19:42,477 INFO Iter : 12700 	 LR : 0.00096 	 training loss : 8.19430 	 
2025-04-19 15:24:00,666 INFO Iter : 12800 	 LR : 0.00096 	 training loss : 7.61625 	 
2025-04-19 15:28:16,228 INFO Iter : 12900 	 LR : 0.00096 	 training loss : 7.74033 	 
2025-04-19 15:32:33,105 INFO Iter : 13000 	 LR : 0.00096 	 training loss : 7.63584 	 
2025-04-19 15:32:36,482 INFO Val. loss : 3.813 	 CER : 0.0114 	 WER : 0.0251 	 
2025-04-19 15:36:54,216 INFO Iter : 13100 	 LR : 0.00096 	 training loss : 7.91623 	 
2025-04-19 15:41:07,172 INFO Iter : 13200 	 LR : 0.00096 	 training loss : 7.61660 	 
2025-04-19 15:45:24,999 INFO Iter : 13300 	 LR : 0.00096 	 training loss : 7.68195 	 
2025-04-19 15:49:39,126 INFO Iter : 13400 	 LR : 0.00096 	 training loss : 7.88771 	 
2025-04-19 15:53:56,640 INFO Iter : 13500 	 LR : 0.00095 	 training loss : 7.90836 	 
2025-04-19 15:58:14,715 INFO Iter : 13600 	 LR : 0.00095 	 training loss : 7.35121 	 
2025-04-19 16:02:29,563 INFO Iter : 13700 	 LR : 0.00095 	 training loss : 7.78253 	 
2025-04-19 16:06:47,353 INFO Iter : 13800 	 LR : 0.00095 	 training loss : 7.02004 	 
2025-04-19 16:11:03,578 INFO Iter : 13900 	 LR : 0.00095 	 training loss : 6.99222 	 
2025-04-19 16:15:19,497 INFO Iter : 14000 	 LR : 0.00095 	 training loss : 7.53177 	 
2025-04-19 16:15:22,874 INFO Val. loss : 3.783 	 CER : 0.0117 	 WER : 0.0262 	 
2025-04-19 16:19:39,403 INFO Iter : 14100 	 LR : 0.00095 	 training loss : 7.71531 	 
2025-04-19 16:23:54,911 INFO Iter : 14200 	 LR : 0.00095 	 training loss : 7.04291 	 
2025-04-19 16:28:12,886 INFO Iter : 14300 	 LR : 0.00095 	 training loss : 7.46822 	 
2025-04-19 16:32:30,670 INFO Iter : 14400 	 LR : 0.00095 	 training loss : 6.75283 	 
2025-04-19 16:36:45,005 INFO Iter : 14500 	 LR : 0.00095 	 training loss : 6.82594 	 
2025-04-19 16:41:02,804 INFO Iter : 14600 	 LR : 0.00095 	 training loss : 6.60458 	 
2025-04-19 16:45:17,078 INFO Iter : 14700 	 LR : 0.00095 	 training loss : 7.51951 	 
2025-04-19 16:49:34,071 INFO Iter : 14800 	 LR : 0.00095 	 training loss : 6.42891 	 
2025-04-19 16:53:52,106 INFO Iter : 14900 	 LR : 0.00095 	 training loss : 7.50007 	 
2025-04-19 16:58:06,144 INFO Iter : 15000 	 LR : 0.00094 	 training loss : 7.92934 	 
2025-04-19 16:58:09,502 INFO Val. loss : 3.746 	 CER : 0.0113 	 WER : 0.0266 	 
2025-04-19 17:02:26,659 INFO Iter : 15100 	 LR : 0.00094 	 training loss : 6.90846 	 
2025-04-19 17:06:44,208 INFO Iter : 15200 	 LR : 0.00094 	 training loss : 6.59225 	 
2025-04-19 17:10:58,665 INFO Iter : 15300 	 LR : 0.00094 	 training loss : 6.50177 	 
2025-04-19 17:15:15,280 INFO Iter : 15400 	 LR : 0.00094 	 training loss : 6.66795 	 
2025-04-19 17:19:31,403 INFO Iter : 15500 	 LR : 0.00094 	 training loss : 6.51982 	 
2025-04-19 17:23:48,909 INFO Iter : 15600 	 LR : 0.00094 	 training loss : 6.80418 	 
2025-04-19 17:28:06,316 INFO Iter : 15700 	 LR : 0.00094 	 training loss : 6.80385 	 
2025-04-19 17:32:22,017 INFO Iter : 15800 	 LR : 0.00094 	 training loss : 7.66879 	 
2025-04-19 17:36:39,141 INFO Iter : 15900 	 LR : 0.00094 	 training loss : 6.74908 	 
2025-04-19 17:40:55,850 INFO Iter : 16000 	 LR : 0.00094 	 training loss : 7.03041 	 
2025-04-19 17:40:59,217 INFO Val. loss : 3.765 	 CER : 0.0109 	 WER : 0.0262 	 
2025-04-19 17:45:14,254 INFO Iter : 16100 	 LR : 0.00094 	 training loss : 7.15047 	 
2025-04-19 17:49:30,921 INFO Iter : 16200 	 LR : 0.00094 	 training loss : 6.45868 	 
2025-04-19 17:53:45,130 INFO Iter : 16300 	 LR : 0.00093 	 training loss : 6.93885 	 
2025-04-19 17:58:01,607 INFO Iter : 16400 	 LR : 0.00093 	 training loss : 7.23950 	 
2025-04-19 18:02:17,591 INFO Iter : 16500 	 LR : 0.00093 	 training loss : 6.76309 	 
2025-04-19 18:06:31,811 INFO Iter : 16600 	 LR : 0.00093 	 training loss : 6.34564 	 
2025-04-19 18:10:47,698 INFO Iter : 16700 	 LR : 0.00093 	 training loss : 6.96344 	 
2025-04-19 18:15:02,251 INFO Iter : 16800 	 LR : 0.00093 	 training loss : 5.96142 	 
2025-04-19 18:19:20,525 INFO Iter : 16900 	 LR : 0.00093 	 training loss : 6.94258 	 
2025-04-19 18:23:38,271 INFO Iter : 17000 	 LR : 0.00093 	 training loss : 6.27420 	 
2025-04-19 18:23:41,698 INFO Val. loss : 3.757 	 CER : 0.0110 	 WER : 0.0255 	 
2025-04-19 18:27:55,938 INFO Iter : 17100 	 LR : 0.00093 	 training loss : 7.00041 	 
2025-04-19 18:32:13,815 INFO Iter : 17200 	 LR : 0.00093 	 training loss : 5.95771 	 
2025-04-19 18:36:32,071 INFO Iter : 17300 	 LR : 0.00093 	 training loss : 6.34491 	 
2025-04-19 18:40:46,929 INFO Iter : 17400 	 LR : 0.00093 	 training loss : 7.48084 	 
2025-04-19 18:45:03,116 INFO Iter : 17500 	 LR : 0.00092 	 training loss : 6.55968 	 
2025-04-19 18:49:16,838 INFO Iter : 17600 	 LR : 0.00092 	 training loss : 6.76173 	 
2025-04-19 18:53:34,323 INFO Iter : 17700 	 LR : 0.00092 	 training loss : 7.10146 	 
2025-04-19 18:57:51,352 INFO Iter : 17800 	 LR : 0.00092 	 training loss : 6.26551 	 
2025-04-19 19:02:05,436 INFO Iter : 17900 	 LR : 0.00092 	 training loss : 6.17213 	 
2025-04-19 19:06:24,376 INFO Iter : 18000 	 LR : 0.00092 	 training loss : 7.11297 	 
2025-04-19 19:06:27,772 INFO CER improved from 0.0109 to 0.0104!!!
2025-04-19 19:06:32,523 INFO Val. loss : 3.569 	 CER : 0.0104 	 WER : 0.0243 	 
2025-04-19 19:10:49,277 INFO Iter : 18100 	 LR : 0.00092 	 training loss : 6.28399 	 
2025-04-19 19:15:04,710 INFO Iter : 18200 	 LR : 0.00092 	 training loss : 6.65996 	 
2025-04-19 19:19:22,100 INFO Iter : 18300 	 LR : 0.00092 	 training loss : 5.69045 	 
2025-04-19 19:23:37,153 INFO Iter : 18400 	 LR : 0.00092 	 training loss : 6.69210 	 
2025-04-19 19:27:54,241 INFO Iter : 18500 	 LR : 0.00092 	 training loss : 6.36597 	 
2025-04-19 19:32:10,690 INFO Iter : 18600 	 LR : 0.00092 	 training loss : 5.93860 	 
2025-04-19 19:36:25,861 INFO Iter : 18700 	 LR : 0.00091 	 training loss : 6.95821 	 
2025-04-19 19:40:42,475 INFO Iter : 18800 	 LR : 0.00091 	 training loss : 6.30609 	 
2025-04-19 19:44:56,358 INFO Iter : 18900 	 LR : 0.00091 	 training loss : 7.04305 	 
2025-04-19 19:49:11,790 INFO Iter : 19000 	 LR : 0.00091 	 training loss : 5.75001 	 
2025-04-19 19:49:15,196 INFO Val. loss : 3.633 	 CER : 0.0109 	 WER : 0.0255 	 
2025-04-19 19:53:33,136 INFO Iter : 19100 	 LR : 0.00091 	 training loss : 5.80042 	 
2025-04-19 19:57:47,075 INFO Iter : 19200 	 LR : 0.00091 	 training loss : 6.05043 	 
2025-04-19 20:02:03,532 INFO Iter : 19300 	 LR : 0.00091 	 training loss : 6.29222 	 
2025-04-19 20:06:18,863 INFO Iter : 19400 	 LR : 0.00091 	 training loss : 5.94766 	 
2025-04-19 20:10:33,053 INFO Iter : 19500 	 LR : 0.00091 	 training loss : 6.60171 	 
2025-04-19 20:14:50,309 INFO Iter : 19600 	 LR : 0.00091 	 training loss : 6.92844 	 
2025-04-19 20:19:04,617 INFO Iter : 19700 	 LR : 0.00091 	 training loss : 5.22501 	 
2025-04-19 20:23:22,396 INFO Iter : 19800 	 LR : 0.00090 	 training loss : 6.04162 	 
2025-04-19 20:27:39,845 INFO Iter : 19900 	 LR : 0.00090 	 training loss : 6.61166 	 
2025-04-19 20:31:53,231 INFO Iter : 20000 	 LR : 0.00090 	 training loss : 6.02717 	 
2025-04-19 20:31:56,617 INFO Val. loss : 3.699 	 CER : 0.0110 	 WER : 0.0259 	 
2025-04-19 20:36:13,020 INFO Iter : 20100 	 LR : 0.00090 	 training loss : 6.37263 	 
2025-04-19 20:40:29,909 INFO Iter : 20200 	 LR : 0.00090 	 training loss : 6.92702 	 
2025-04-19 20:44:45,796 INFO Iter : 20300 	 LR : 0.00090 	 training loss : 7.03848 	 
2025-04-19 20:49:02,841 INFO Iter : 20400 	 LR : 0.00090 	 training loss : 5.71943 	 
2025-04-19 20:53:17,325 INFO Iter : 20500 	 LR : 0.00090 	 training loss : 5.45916 	 
2025-04-19 20:57:35,030 INFO Iter : 20600 	 LR : 0.00090 	 training loss : 6.69802 	 
2025-04-19 21:01:51,694 INFO Iter : 20700 	 LR : 0.00090 	 training loss : 6.27706 	 
2025-04-19 21:06:07,233 INFO Iter : 20800 	 LR : 0.00089 	 training loss : 5.36563 	 
2025-04-19 21:10:24,944 INFO Iter : 20900 	 LR : 0.00089 	 training loss : 5.94992 	 
2025-04-19 21:14:41,404 INFO Iter : 21000 	 LR : 0.00089 	 training loss : 6.18686 	 
2025-04-19 21:14:44,783 INFO Val. loss : 3.725 	 CER : 0.0109 	 WER : 0.0270 	 
2025-04-19 21:19:00,872 INFO Iter : 21100 	 LR : 0.00089 	 training loss : 5.39344 	 
2025-04-19 21:23:17,309 INFO Iter : 21200 	 LR : 0.00089 	 training loss : 5.54596 	 
2025-04-19 21:27:30,954 INFO Iter : 21300 	 LR : 0.00089 	 training loss : 5.90994 	 
2025-04-19 21:31:48,423 INFO Iter : 21400 	 LR : 0.00089 	 training loss : 5.49353 	 
2025-04-19 21:36:05,511 INFO Iter : 21500 	 LR : 0.00089 	 training loss : 6.05968 	 
2025-04-19 21:40:19,847 INFO Iter : 21600 	 LR : 0.00089 	 training loss : 5.95033 	 
2025-04-19 21:44:36,265 INFO Iter : 21700 	 LR : 0.00089 	 training loss : 6.46651 	 
2025-04-19 21:48:49,191 INFO Iter : 21800 	 LR : 0.00089 	 training loss : 6.27636 	 
2025-04-19 21:53:06,251 INFO Iter : 21900 	 LR : 0.00088 	 training loss : 6.50717 	 
2025-04-19 21:57:22,268 INFO Iter : 22000 	 LR : 0.00088 	 training loss : 6.50527 	 
2025-04-19 21:57:25,659 INFO Val. loss : 3.599 	 CER : 0.0105 	 WER : 0.0251 	 
2025-04-19 22:01:38,845 INFO Iter : 22100 	 LR : 0.00088 	 training loss : 6.23357 	 
2025-04-19 22:05:56,505 INFO Iter : 22200 	 LR : 0.00088 	 training loss : 5.86034 	 
2025-04-19 22:10:12,389 INFO Iter : 22300 	 LR : 0.00088 	 training loss : 6.49855 	 
2025-04-19 22:14:26,609 INFO Iter : 22400 	 LR : 0.00088 	 training loss : 5.77533 	 
2025-04-19 22:18:43,116 INFO Iter : 22500 	 LR : 0.00088 	 training loss : 5.78455 	 
2025-04-19 22:22:56,494 INFO Iter : 22600 	 LR : 0.00088 	 training loss : 5.92418 	 
2025-04-19 22:27:12,865 INFO Iter : 22700 	 LR : 0.00088 	 training loss : 6.28645 	 
2025-04-19 22:31:29,069 INFO Iter : 22800 	 LR : 0.00087 	 training loss : 5.67108 	 
2025-04-19 22:35:41,955 INFO Iter : 22900 	 LR : 0.00087 	 training loss : 5.92799 	 
2025-04-19 22:39:59,233 INFO Iter : 23000 	 LR : 0.00087 	 training loss : 5.64172 	 
2025-04-19 22:40:02,599 INFO Val. loss : 3.634 	 CER : 0.0108 	 WER : 0.0259 	 
2025-04-19 22:44:15,597 INFO Iter : 23100 	 LR : 0.00087 	 training loss : 5.88666 	 
2025-04-19 22:48:32,015 INFO Iter : 23200 	 LR : 0.00087 	 training loss : 6.34522 	 
2025-04-19 22:52:49,178 INFO Iter : 23300 	 LR : 0.00087 	 training loss : 6.18214 	 
2025-04-19 22:57:02,217 INFO Iter : 23400 	 LR : 0.00087 	 training loss : 5.90414 	 
2025-04-19 23:01:20,277 INFO Iter : 23500 	 LR : 0.00087 	 training loss : 5.62999 	 
2025-04-19 23:05:37,813 INFO Iter : 23600 	 LR : 0.00087 	 training loss : 6.02895 	 
2025-04-19 23:09:50,908 INFO Iter : 23700 	 LR : 0.00087 	 training loss : 6.40894 	 
2025-04-19 23:14:07,205 INFO Iter : 23800 	 LR : 0.00086 	 training loss : 5.78705 	 
2025-04-19 23:18:22,183 INFO Iter : 23900 	 LR : 0.00086 	 training loss : 5.24726 	 
2025-04-19 23:22:38,885 INFO Iter : 24000 	 LR : 0.00086 	 training loss : 5.97747 	 
2025-04-19 23:22:42,227 INFO CER improved from 0.0104 to 0.0102!!!
2025-04-19 23:22:47,037 INFO Val. loss : 3.697 	 CER : 0.0102 	 WER : 0.0236 	 
2025-04-19 23:27:03,820 INFO Iter : 24100 	 LR : 0.00086 	 training loss : 6.58794 	 
2025-04-19 23:31:18,151 INFO Iter : 24200 	 LR : 0.00086 	 training loss : 5.78127 	 
2025-04-19 23:35:34,505 INFO Iter : 24300 	 LR : 0.00086 	 training loss : 5.54206 	 
2025-04-19 23:39:50,543 INFO Iter : 24400 	 LR : 0.00086 	 training loss : 4.97800 	 
2025-04-19 23:44:04,959 INFO Iter : 24500 	 LR : 0.00086 	 training loss : 5.46355 	 
2025-04-19 23:48:21,897 INFO Iter : 24600 	 LR : 0.00086 	 training loss : 5.75975 	 
2025-04-19 23:52:35,667 INFO Iter : 24700 	 LR : 0.00085 	 training loss : 5.93502 	 
2025-04-19 23:56:51,363 INFO Iter : 24800 	 LR : 0.00085 	 training loss : 6.57434 	 
2025-04-20 00:01:07,592 INFO Iter : 24900 	 LR : 0.00085 	 training loss : 6.04432 	 
2025-04-20 00:05:21,536 INFO Iter : 25000 	 LR : 0.00085 	 training loss : 5.46860 	 
2025-04-20 00:05:24,944 INFO Val. loss : 3.718 	 CER : 0.0104 	 WER : 0.0247 	 
2025-04-20 00:09:40,905 INFO Iter : 25100 	 LR : 0.00085 	 training loss : 5.56939 	 
2025-04-20 00:13:55,453 INFO Iter : 25200 	 LR : 0.00085 	 training loss : 5.24730 	 
2025-04-20 00:18:12,078 INFO Iter : 25300 	 LR : 0.00085 	 training loss : 5.55786 	 
2025-04-20 00:22:29,141 INFO Iter : 25400 	 LR : 0.00085 	 training loss : 5.55864 	 
2025-04-20 00:26:41,847 INFO Iter : 25500 	 LR : 0.00085 	 training loss : 5.72397 	 
2025-04-20 00:30:59,046 INFO Iter : 25600 	 LR : 0.00084 	 training loss : 5.86335 	 
2025-04-20 00:35:17,566 INFO Iter : 25700 	 LR : 0.00084 	 training loss : 5.15887 	 
2025-04-20 00:39:30,813 INFO Iter : 25800 	 LR : 0.00084 	 training loss : 5.54061 	 
2025-04-20 00:43:45,691 INFO Iter : 25900 	 LR : 0.00084 	 training loss : 6.10976 	 
2025-04-20 00:47:59,368 INFO Iter : 26000 	 LR : 0.00084 	 training loss : 5.46552 	 
2025-04-20 00:48:02,730 INFO Val. loss : 3.678 	 CER : 0.0104 	 WER : 0.0251 	 
2025-04-20 00:52:18,454 INFO Iter : 26100 	 LR : 0.00084 	 training loss : 5.89162 	 
2025-04-20 00:56:35,426 INFO Iter : 26200 	 LR : 0.00084 	 training loss : 5.52302 	 
2025-04-20 01:00:48,162 INFO Iter : 26300 	 LR : 0.00084 	 training loss : 5.18668 	 
2025-04-20 01:05:04,816 INFO Iter : 26400 	 LR : 0.00083 	 training loss : 5.08736 	 
2025-04-20 01:09:22,775 INFO Iter : 26500 	 LR : 0.00083 	 training loss : 4.86533 	 
2025-04-20 01:13:38,442 INFO Iter : 26600 	 LR : 0.00083 	 training loss : 5.63031 	 
2025-04-20 01:17:55,231 INFO Iter : 26700 	 LR : 0.00083 	 training loss : 5.22892 	 
2025-04-20 01:22:07,563 INFO Iter : 26800 	 LR : 0.00083 	 training loss : 6.03634 	 
2025-04-20 01:26:24,347 INFO Iter : 26900 	 LR : 0.00083 	 training loss : 6.20404 	 
2025-04-20 01:30:39,275 INFO Iter : 27000 	 LR : 0.00083 	 training loss : 5.76382 	 
2025-04-20 01:30:42,646 INFO Val. loss : 3.706 	 CER : 0.0104 	 WER : 0.0243 	 
2025-04-20 01:34:54,761 INFO Iter : 27100 	 LR : 0.00083 	 training loss : 6.07687 	 
2025-04-20 01:39:11,240 INFO Iter : 27200 	 LR : 0.00083 	 training loss : 5.51644 	 
2025-04-20 01:43:24,509 INFO Iter : 27300 	 LR : 0.00082 	 training loss : 5.21157 	 
2025-04-20 01:47:42,512 INFO Iter : 27400 	 LR : 0.00082 	 training loss : 5.99107 	 
2025-04-20 01:51:58,736 INFO Iter : 27500 	 LR : 0.00082 	 training loss : 5.02430 	 
2025-04-20 01:56:12,291 INFO Iter : 27600 	 LR : 0.00082 	 training loss : 5.15996 	 
2025-04-20 02:00:28,418 INFO Iter : 27700 	 LR : 0.00082 	 training loss : 5.66955 	 
2025-04-20 02:04:44,517 INFO Iter : 27800 	 LR : 0.00082 	 training loss : 4.93317 	 
2025-04-20 02:08:58,731 INFO Iter : 27900 	 LR : 0.00082 	 training loss : 5.32749 	 
2025-04-20 02:13:15,463 INFO Iter : 28000 	 LR : 0.00082 	 training loss : 5.37734 	 
2025-04-20 02:13:18,905 INFO Val. loss : 3.775 	 CER : 0.0107 	 WER : 0.0255 	 
2025-04-20 02:17:32,252 INFO Iter : 28100 	 LR : 0.00081 	 training loss : 5.64226 	 
2025-04-20 02:21:48,776 INFO Iter : 28200 	 LR : 0.00081 	 training loss : 5.13920 	 
2025-04-20 02:26:03,938 INFO Iter : 28300 	 LR : 0.00081 	 training loss : 5.54247 	 
2025-04-20 02:30:18,227 INFO Iter : 28400 	 LR : 0.00081 	 training loss : 5.05977 	 
2025-04-20 02:34:34,287 INFO Iter : 28500 	 LR : 0.00081 	 training loss : 5.01080 	 
2025-04-20 02:38:50,855 INFO Iter : 28600 	 LR : 0.00081 	 training loss : 5.52316 	 
2025-04-20 02:43:04,144 INFO Iter : 28700 	 LR : 0.00081 	 training loss : 4.88177 	 
2025-04-20 02:47:20,546 INFO Iter : 28800 	 LR : 0.00081 	 training loss : 5.19194 	 
2025-04-20 02:51:33,955 INFO Iter : 28900 	 LR : 0.00080 	 training loss : 5.40971 	 
2025-04-20 02:55:48,514 INFO Iter : 29000 	 LR : 0.00080 	 training loss : 5.37547 	 
2025-04-20 02:55:51,867 INFO Val. loss : 3.796 	 CER : 0.0109 	 WER : 0.0240 	 
2025-04-20 03:00:08,971 INFO Iter : 29100 	 LR : 0.00080 	 training loss : 5.62146 	 
2025-04-20 03:04:21,851 INFO Iter : 29200 	 LR : 0.00080 	 training loss : 5.76488 	 
2025-04-20 03:08:38,640 INFO Iter : 29300 	 LR : 0.00080 	 training loss : 5.51321 	 
2025-04-20 03:12:52,065 INFO Iter : 29400 	 LR : 0.00080 	 training loss : 5.00890 	 
2025-04-20 03:17:08,293 INFO Iter : 29500 	 LR : 0.00080 	 training loss : 5.70629 	 
2025-04-20 03:21:24,901 INFO Iter : 29600 	 LR : 0.00080 	 training loss : 5.51505 	 
2025-04-20 03:25:37,494 INFO Iter : 29700 	 LR : 0.00079 	 training loss : 5.03345 	 
2025-04-20 03:29:53,913 INFO Iter : 29800 	 LR : 0.00079 	 training loss : 5.49594 	 
2025-04-20 03:34:10,451 INFO Iter : 29900 	 LR : 0.00079 	 training loss : 5.03878 	 
2025-04-20 03:38:23,718 INFO Iter : 30000 	 LR : 0.00079 	 training loss : 6.02289 	 
2025-04-20 03:38:27,101 INFO Val. loss : 3.774 	 CER : 0.0110 	 WER : 0.0251 	 
2025-04-20 03:42:44,103 INFO Iter : 30100 	 LR : 0.00079 	 training loss : 5.45749 	 
2025-04-20 03:46:57,559 INFO Iter : 30200 	 LR : 0.00079 	 training loss : 5.47029 	 
2025-04-20 03:51:14,830 INFO Iter : 30300 	 LR : 0.00079 	 training loss : 5.36694 	 
2025-04-20 03:55:29,373 INFO Iter : 30400 	 LR : 0.00078 	 training loss : 5.16717 	 
2025-04-20 03:59:42,815 INFO Iter : 30500 	 LR : 0.00078 	 training loss : 5.25251 	 
2025-04-20 04:03:58,530 INFO Iter : 30600 	 LR : 0.00078 	 training loss : 4.88009 	 
2025-04-20 04:08:14,539 INFO Iter : 30700 	 LR : 0.00078 	 training loss : 5.21367 	 
2025-04-20 04:12:28,900 INFO Iter : 30800 	 LR : 0.00078 	 training loss : 5.18298 	 
2025-04-20 04:16:45,890 INFO Iter : 30900 	 LR : 0.00078 	 training loss : 5.79304 	 
2025-04-20 04:20:58,967 INFO Iter : 31000 	 LR : 0.00078 	 training loss : 5.55824 	 
2025-04-20 04:21:02,314 INFO Val. loss : 3.804 	 CER : 0.0110 	 WER : 0.0251 	 
2025-04-20 04:25:18,854 INFO Iter : 31100 	 LR : 0.00078 	 training loss : 4.80426 	 
2025-04-20 04:29:34,033 INFO Iter : 31200 	 LR : 0.00077 	 training loss : 5.14129 	 
2025-04-20 04:33:47,402 INFO Iter : 31300 	 LR : 0.00077 	 training loss : 5.40088 	 
2025-04-20 04:38:02,660 INFO Iter : 31400 	 LR : 0.00077 	 training loss : 5.34372 	 
2025-04-20 04:42:16,308 INFO Iter : 31500 	 LR : 0.00077 	 training loss : 4.91788 	 
2025-04-20 04:46:31,687 INFO Iter : 31600 	 LR : 0.00077 	 training loss : 4.82933 	 
2025-04-20 04:50:46,169 INFO Iter : 31700 	 LR : 0.00077 	 training loss : 5.03053 	 
2025-04-20 04:55:00,292 INFO Iter : 31800 	 LR : 0.00077 	 training loss : 5.29266 	 
2025-04-20 04:59:15,851 INFO Iter : 31900 	 LR : 0.00076 	 training loss : 4.71846 	 
2025-04-20 05:03:31,026 INFO Iter : 32000 	 LR : 0.00076 	 training loss : 5.32795 	 
2025-04-20 05:03:34,363 INFO Val. loss : 3.836 	 CER : 0.0109 	 WER : 0.0243 	 
2025-04-20 05:07:47,843 INFO Iter : 32100 	 LR : 0.00076 	 training loss : 5.63512 	 
2025-04-20 05:12:03,960 INFO Iter : 32200 	 LR : 0.00076 	 training loss : 5.43919 	 
2025-04-20 05:16:17,678 INFO Iter : 32300 	 LR : 0.00076 	 training loss : 5.09478 	 
2025-04-20 05:20:34,861 INFO Iter : 32400 	 LR : 0.00076 	 training loss : 4.67986 	 
2025-04-20 05:24:50,982 INFO Iter : 32500 	 LR : 0.00076 	 training loss : 5.45698 	 
2025-04-20 05:29:03,937 INFO Iter : 32600 	 LR : 0.00076 	 training loss : 6.04995 	 
2025-04-20 05:33:20,733 INFO Iter : 32700 	 LR : 0.00075 	 training loss : 5.40434 	 
2025-04-20 05:37:36,568 INFO Iter : 32800 	 LR : 0.00075 	 training loss : 5.88995 	 
2025-04-20 05:41:50,264 INFO Iter : 32900 	 LR : 0.00075 	 training loss : 5.37152 	 
2025-04-20 05:46:05,666 INFO Iter : 33000 	 LR : 0.00075 	 training loss : 5.62955 	 
2025-04-20 05:46:09,031 INFO Val. loss : 3.799 	 CER : 0.0107 	 WER : 0.0240 	 
2025-04-20 05:50:23,198 INFO Iter : 33100 	 LR : 0.00075 	 training loss : 4.80002 	 
2025-04-20 05:54:38,878 INFO Iter : 33200 	 LR : 0.00075 	 training loss : 4.98412 	 
2025-04-20 05:58:53,989 INFO Iter : 33300 	 LR : 0.00075 	 training loss : 5.04871 	 
2025-04-20 06:03:07,957 INFO Iter : 33400 	 LR : 0.00074 	 training loss : 4.77401 	 
2025-04-20 06:07:23,192 INFO Iter : 33500 	 LR : 0.00074 	 training loss : 4.97459 	 
2025-04-20 06:11:36,922 INFO Iter : 33600 	 LR : 0.00074 	 training loss : 5.11424 	 
2025-04-20 06:15:52,312 INFO Iter : 33700 	 LR : 0.00074 	 training loss : 4.83812 	 
2025-04-20 06:20:09,428 INFO Iter : 33800 	 LR : 0.00074 	 training loss : 5.24024 	 
2025-04-20 06:24:23,857 INFO Iter : 33900 	 LR : 0.00074 	 training loss : 4.13131 	 
2025-04-20 06:28:40,028 INFO Iter : 34000 	 LR : 0.00074 	 training loss : 6.10226 	 
2025-04-20 06:28:43,399 INFO Val. loss : 3.774 	 CER : 0.0111 	 WER : 0.0251 	 
2025-04-20 06:32:59,727 INFO Iter : 34100 	 LR : 0.00073 	 training loss : 5.24489 	 
2025-04-20 06:37:13,827 INFO Iter : 34200 	 LR : 0.00073 	 training loss : 5.47157 	 
2025-04-20 06:41:30,458 INFO Iter : 34300 	 LR : 0.00073 	 training loss : 4.74601 	 
2025-04-20 06:45:44,598 INFO Iter : 34400 	 LR : 0.00073 	 training loss : 4.83391 	 
2025-04-20 06:50:00,556 INFO Iter : 34500 	 LR : 0.00073 	 training loss : 4.34594 	 
2025-04-20 06:54:17,315 INFO Iter : 34600 	 LR : 0.00073 	 training loss : 4.99973 	 
2025-04-20 06:58:31,229 INFO Iter : 34700 	 LR : 0.00073 	 training loss : 5.13028 	 
2025-04-20 07:02:46,958 INFO Iter : 34800 	 LR : 0.00072 	 training loss : 5.31170 	 
2025-04-20 07:07:03,395 INFO Iter : 34900 	 LR : 0.00072 	 training loss : 4.71503 	 
2025-04-20 07:11:16,832 INFO Iter : 35000 	 LR : 0.00072 	 training loss : 5.12184 	 
2025-04-20 07:11:20,125 INFO Val. loss : 3.839 	 CER : 0.0114 	 WER : 0.0255 	 
2025-04-20 07:15:36,291 INFO Iter : 35100 	 LR : 0.00072 	 training loss : 4.43860 	 
2025-04-20 07:19:49,989 INFO Iter : 35200 	 LR : 0.00072 	 training loss : 5.63418 	 
2025-04-20 07:24:05,994 INFO Iter : 35300 	 LR : 0.00072 	 training loss : 5.75384 	 
2025-04-20 07:28:20,875 INFO Iter : 35400 	 LR : 0.00072 	 training loss : 4.64022 	 
2025-04-20 07:32:33,973 INFO Iter : 35500 	 LR : 0.00071 	 training loss : 5.37497 	 
2025-04-20 07:36:50,420 INFO Iter : 35600 	 LR : 0.00071 	 training loss : 4.76964 	 
2025-04-20 07:41:03,734 INFO Iter : 35700 	 LR : 0.00071 	 training loss : 4.92504 	 
2025-04-20 07:45:19,344 INFO Iter : 35800 	 LR : 0.00071 	 training loss : 5.32370 	 
2025-04-20 07:49:36,562 INFO Iter : 35900 	 LR : 0.00071 	 training loss : 4.63420 	 
2025-04-20 07:53:50,441 INFO Iter : 36000 	 LR : 0.00071 	 training loss : 4.62561 	 
2025-04-20 07:53:53,821 INFO Val. loss : 3.843 	 CER : 0.0116 	 WER : 0.0251 	 
2025-04-20 07:58:10,646 INFO Iter : 36100 	 LR : 0.00071 	 training loss : 5.93954 	 
2025-04-20 08:02:26,189 INFO Iter : 36200 	 LR : 0.00070 	 training loss : 5.25569 	 
2025-04-20 08:06:39,030 INFO Iter : 36300 	 LR : 0.00070 	 training loss : 4.67929 	 
2025-04-20 08:10:54,835 INFO Iter : 36400 	 LR : 0.00070 	 training loss : 4.81635 	 
2025-04-20 08:15:08,091 INFO Iter : 36500 	 LR : 0.00070 	 training loss : 4.76024 	 
2025-04-20 08:19:23,990 INFO Iter : 36600 	 LR : 0.00070 	 training loss : 5.29946 	 
2025-04-20 08:23:40,961 INFO Iter : 36700 	 LR : 0.00070 	 training loss : 5.01244 	 
2025-04-20 08:27:54,594 INFO Iter : 36800 	 LR : 0.00070 	 training loss : 5.43955 	 
2025-04-20 08:32:09,309 INFO Iter : 36900 	 LR : 0.00069 	 training loss : 4.44659 	 
2025-04-20 08:36:26,434 INFO Iter : 37000 	 LR : 0.00069 	 training loss : 4.89900 	 
2025-04-20 08:36:29,713 INFO Val. loss : 3.797 	 CER : 0.0113 	 WER : 0.0240 	 
2025-04-20 08:40:44,402 INFO Iter : 37100 	 LR : 0.00069 	 training loss : 5.17103 	 
2025-04-20 08:44:58,947 INFO Iter : 37200 	 LR : 0.00069 	 training loss : 4.85191 	 
2025-04-20 08:49:11,426 INFO Iter : 37300 	 LR : 0.00069 	 training loss : 5.04324 	 
2025-04-20 08:53:28,120 INFO Iter : 37400 	 LR : 0.00069 	 training loss : 4.62070 	 
2025-04-20 08:57:43,295 INFO Iter : 37500 	 LR : 0.00069 	 training loss : 5.40467 	 
2025-04-20 09:01:55,825 INFO Iter : 37600 	 LR : 0.00068 	 training loss : 5.22905 	 
2025-04-20 09:06:12,293 INFO Iter : 37700 	 LR : 0.00068 	 training loss : 5.30910 	 
2025-04-20 09:10:25,913 INFO Iter : 37800 	 LR : 0.00068 	 training loss : 4.95446 	 
2025-04-20 09:14:42,513 INFO Iter : 37900 	 LR : 0.00068 	 training loss : 5.28801 	 
2025-04-20 09:18:57,885 INFO Iter : 38000 	 LR : 0.00068 	 training loss : 4.74473 	 
2025-04-20 09:19:01,204 INFO WER improved from 0.0232 to 0.0228!!!
2025-04-20 09:19:06,085 INFO Val. loss : 3.791 	 CER : 0.0109 	 WER : 0.0228 	 
2025-04-20 09:23:19,465 INFO Iter : 38100 	 LR : 0.00068 	 training loss : 4.64202 	 
2025-04-20 09:27:36,190 INFO Iter : 38200 	 LR : 0.00068 	 training loss : 4.63995 	 
2025-04-20 09:31:51,991 INFO Iter : 38300 	 LR : 0.00067 	 training loss : 5.23664 	 
2025-04-20 09:36:06,927 INFO Iter : 38400 	 LR : 0.00067 	 training loss : 4.39965 	 
2025-04-20 09:40:22,850 INFO Iter : 38500 	 LR : 0.00067 	 training loss : 5.07071 	 
2025-04-20 09:44:35,804 INFO Iter : 38600 	 LR : 0.00067 	 training loss : 4.46194 	 
2025-04-20 09:48:51,963 INFO Iter : 38700 	 LR : 0.00067 	 training loss : 4.83410 	 
2025-04-20 09:53:06,960 INFO Iter : 38800 	 LR : 0.00067 	 training loss : 4.74271 	 
2025-04-20 09:57:20,475 INFO Iter : 38900 	 LR : 0.00067 	 training loss : 5.06587 	 
2025-04-20 10:01:34,813 INFO Iter : 39000 	 LR : 0.00066 	 training loss : 4.62194 	 
2025-04-20 10:01:38,098 INFO Val. loss : 3.773 	 CER : 0.0109 	 WER : 0.0236 	 
2025-04-20 10:05:52,743 INFO Iter : 39100 	 LR : 0.00066 	 training loss : 5.10297 	 
2025-04-20 10:10:04,886 INFO Iter : 39200 	 LR : 0.00066 	 training loss : 5.29639 	 
2025-04-20 10:14:21,804 INFO Iter : 39300 	 LR : 0.00066 	 training loss : 4.53264 	 
2025-04-20 10:18:34,737 INFO Iter : 39400 	 LR : 0.00066 	 training loss : 5.02341 	 
2025-04-20 10:22:50,739 INFO Iter : 39500 	 LR : 0.00066 	 training loss : 5.18756 	 
2025-04-20 10:27:05,886 INFO Iter : 39600 	 LR : 0.00065 	 training loss : 5.76031 	 
2025-04-20 10:31:19,972 INFO Iter : 39700 	 LR : 0.00065 	 training loss : 5.02384 	 
2025-04-20 10:35:36,568 INFO Iter : 39800 	 LR : 0.00065 	 training loss : 4.79907 	 
2025-04-20 10:39:50,194 INFO Iter : 39900 	 LR : 0.00065 	 training loss : 4.58380 	 
2025-04-20 10:44:05,030 INFO Iter : 40000 	 LR : 0.00065 	 training loss : 5.09850 	 
2025-04-20 10:44:08,376 INFO Val. loss : 3.808 	 CER : 0.0113 	 WER : 0.0240 	 
2025-04-20 10:48:24,654 INFO Iter : 40100 	 LR : 0.00065 	 training loss : 4.62776 	 
2025-04-20 10:52:38,012 INFO Iter : 40200 	 LR : 0.00065 	 training loss : 4.44782 	 
2025-04-20 10:56:54,023 INFO Iter : 40300 	 LR : 0.00064 	 training loss : 5.12493 	 
2025-04-20 11:01:09,060 INFO Iter : 40400 	 LR : 0.00064 	 training loss : 4.34441 	 
2025-04-20 11:05:22,915 INFO Iter : 40500 	 LR : 0.00064 	 training loss : 4.85251 	 
2025-04-20 11:09:38,119 INFO Iter : 40600 	 LR : 0.00064 	 training loss : 4.25948 	 
2025-04-20 11:13:51,149 INFO Iter : 40700 	 LR : 0.00064 	 training loss : 4.82653 	 
2025-04-20 11:18:06,956 INFO Iter : 40800 	 LR : 0.00064 	 training loss : 5.51005 	 
2025-04-20 11:22:22,969 INFO Iter : 40900 	 LR : 0.00063 	 training loss : 4.80195 	 
2025-04-20 11:26:35,510 INFO Iter : 41000 	 LR : 0.00063 	 training loss : 4.72582 	 
2025-04-20 11:26:38,770 INFO Val. loss : 3.812 	 CER : 0.0111 	 WER : 0.0232 	 
2025-04-20 11:30:54,763 INFO Iter : 41100 	 LR : 0.00063 	 training loss : 5.04894 	 
2025-04-20 11:35:10,273 INFO Iter : 41200 	 LR : 0.00063 	 training loss : 4.75294 	 
2025-04-20 11:39:25,191 INFO Iter : 41300 	 LR : 0.00063 	 training loss : 4.79876 	 
2025-04-20 11:43:40,405 INFO Iter : 41400 	 LR : 0.00063 	 training loss : 4.32586 	 
2025-04-20 11:47:53,632 INFO Iter : 41500 	 LR : 0.00063 	 training loss : 4.82572 	 
2025-04-20 11:52:10,998 INFO Iter : 41600 	 LR : 0.00062 	 training loss : 5.07766 	 
2025-04-20 11:56:26,311 INFO Iter : 41700 	 LR : 0.00062 	 training loss : 4.83806 	 
2025-04-20 12:00:37,758 INFO Iter : 41800 	 LR : 0.00062 	 training loss : 4.48213 	 
2025-04-20 12:04:53,719 INFO Iter : 41900 	 LR : 0.00062 	 training loss : 3.96009 	 
2025-04-20 12:09:05,761 INFO Iter : 42000 	 LR : 0.00062 	 training loss : 4.39703 	 
2025-04-20 12:09:09,032 INFO WER improved from 0.0228 to 0.0224!!!
2025-04-20 12:09:13,841 INFO Val. loss : 3.828 	 CER : 0.0105 	 WER : 0.0224 	 
2025-04-20 12:13:30,183 INFO Iter : 42100 	 LR : 0.00062 	 training loss : 4.32035 	 
2025-04-20 12:17:46,760 INFO Iter : 42200 	 LR : 0.00061 	 training loss : 4.47713 	 
2025-04-20 12:21:59,413 INFO Iter : 42300 	 LR : 0.00061 	 training loss : 4.49634 	 
2025-04-20 12:26:15,269 INFO Iter : 42400 	 LR : 0.00061 	 training loss : 4.53063 	 
2025-04-20 12:30:31,834 INFO Iter : 42500 	 LR : 0.00061 	 training loss : 5.20077 	 
2025-04-20 12:34:46,474 INFO Iter : 42600 	 LR : 0.00061 	 training loss : 4.76924 	 
2025-04-20 12:39:02,045 INFO Iter : 42700 	 LR : 0.00061 	 training loss : 4.19823 	 
2025-04-20 12:43:14,736 INFO Iter : 42800 	 LR : 0.00061 	 training loss : 4.33068 	 
2025-04-20 12:47:29,568 INFO Iter : 42900 	 LR : 0.00060 	 training loss : 4.85743 	 
2025-04-20 12:51:44,533 INFO Iter : 43000 	 LR : 0.00060 	 training loss : 4.47435 	 
2025-04-20 12:51:47,792 INFO WER improved from 0.0224 to 0.0221!!!
2025-04-20 12:51:52,808 INFO Val. loss : 3.859 	 CER : 0.0104 	 WER : 0.0221 	 
2025-04-20 12:56:06,546 INFO Iter : 43100 	 LR : 0.00060 	 training loss : 4.97169 	 
2025-04-20 13:00:21,548 INFO Iter : 43200 	 LR : 0.00060 	 training loss : 4.40642 	 
2025-04-20 13:04:38,360 INFO Iter : 43300 	 LR : 0.00060 	 training loss : 5.24236 	 
2025-04-20 13:08:51,688 INFO Iter : 43400 	 LR : 0.00060 	 training loss : 4.90533 	 
2025-04-20 13:13:07,403 INFO Iter : 43500 	 LR : 0.00059 	 training loss : 5.28684 	 
2025-04-20 13:17:20,042 INFO Iter : 43600 	 LR : 0.00059 	 training loss : 4.60648 	 
2025-04-20 13:21:37,508 INFO Iter : 43700 	 LR : 0.00059 	 training loss : 4.36768 	 
2025-04-20 13:25:54,603 INFO Iter : 43800 	 LR : 0.00059 	 training loss : 4.19387 	 
2025-04-20 13:30:07,598 INFO Iter : 43900 	 LR : 0.00059 	 training loss : 3.86253 	 
2025-04-20 13:34:23,128 INFO Iter : 44000 	 LR : 0.00059 	 training loss : 4.94587 	 
2025-04-20 13:34:26,413 INFO Val. loss : 3.869 	 CER : 0.0109 	 WER : 0.0232 	 
2025-04-20 13:38:39,224 INFO Iter : 44100 	 LR : 0.00059 	 training loss : 4.34827 	 
2025-04-20 13:42:56,087 INFO Iter : 44200 	 LR : 0.00058 	 training loss : 4.78964 	 
2025-04-20 13:47:12,000 INFO Iter : 44300 	 LR : 0.00058 	 training loss : 5.23550 	 
2025-04-20 13:51:25,540 INFO Iter : 44400 	 LR : 0.00058 	 training loss : 4.12789 	 
2025-04-20 13:55:41,539 INFO Iter : 44500 	 LR : 0.00058 	 training loss : 4.39799 	 
2025-04-20 13:59:56,935 INFO Iter : 44600 	 LR : 0.00058 	 training loss : 4.82104 	 
2025-04-20 14:04:10,038 INFO Iter : 44700 	 LR : 0.00058 	 training loss : 5.21263 	 
2025-04-20 14:08:25,249 INFO Iter : 44800 	 LR : 0.00057 	 training loss : 4.23130 	 
2025-04-20 14:12:38,991 INFO Iter : 44900 	 LR : 0.00057 	 training loss : 4.30164 	 
2025-04-20 14:16:54,167 INFO Iter : 45000 	 LR : 0.00057 	 training loss : 4.94639 	 
2025-04-20 14:16:57,475 INFO Val. loss : 3.851 	 CER : 0.0114 	 WER : 0.0251 	 
2025-04-20 14:21:11,946 INFO Iter : 45100 	 LR : 0.00057 	 training loss : 4.73457 	 
2025-04-20 14:25:25,177 INFO Iter : 45200 	 LR : 0.00057 	 training loss : 4.27265 	 
2025-04-20 14:29:40,830 INFO Iter : 45300 	 LR : 0.00057 	 training loss : 4.87607 	 
2025-04-20 14:33:55,992 INFO Iter : 45400 	 LR : 0.00056 	 training loss : 3.91307 	 
2025-04-20 14:38:08,914 INFO Iter : 45500 	 LR : 0.00056 	 training loss : 4.34905 	 
2025-04-20 14:42:25,310 INFO Iter : 45600 	 LR : 0.00056 	 training loss : 4.14658 	 
2025-04-20 14:46:38,805 INFO Iter : 45700 	 LR : 0.00056 	 training loss : 5.21665 	 
2025-04-20 14:50:55,072 INFO Iter : 45800 	 LR : 0.00056 	 training loss : 4.77313 	 
2025-04-20 14:55:10,909 INFO Iter : 45900 	 LR : 0.00056 	 training loss : 4.20357 	 
2025-04-20 14:59:24,808 INFO Iter : 46000 	 LR : 0.00056 	 training loss : 4.33393 	 
2025-04-20 14:59:28,097 INFO Val. loss : 3.857 	 CER : 0.0114 	 WER : 0.0247 	 
2025-04-20 15:03:44,462 INFO Iter : 46100 	 LR : 0.00055 	 training loss : 4.58761 	 
2025-04-20 15:07:58,785 INFO Iter : 46200 	 LR : 0.00055 	 training loss : 4.30376 	 
2025-04-20 15:12:14,016 INFO Iter : 46300 	 LR : 0.00055 	 training loss : 4.57341 	 
2025-04-20 15:16:28,601 INFO Iter : 46400 	 LR : 0.00055 	 training loss : 4.80336 	 
2025-04-20 15:20:41,365 INFO Iter : 46500 	 LR : 0.00055 	 training loss : 5.06520 	 
2025-04-20 15:24:56,902 INFO Iter : 46600 	 LR : 0.00055 	 training loss : 4.47759 	 
2025-04-20 15:29:12,627 INFO Iter : 46700 	 LR : 0.00054 	 training loss : 4.95476 	 
2025-04-20 15:33:26,707 INFO Iter : 46800 	 LR : 0.00054 	 training loss : 4.11728 	 
2025-04-20 15:37:43,355 INFO Iter : 46900 	 LR : 0.00054 	 training loss : 4.67352 	 
2025-04-20 15:41:57,224 INFO Iter : 47000 	 LR : 0.00054 	 training loss : 4.79106 	 
2025-04-20 15:42:00,462 INFO Val. loss : 3.918 	 CER : 0.0114 	 WER : 0.0255 	 
2025-04-20 15:46:16,675 INFO Iter : 47100 	 LR : 0.00054 	 training loss : 4.84462 	 
2025-04-20 15:50:31,986 INFO Iter : 47200 	 LR : 0.00054 	 training loss : 4.38148 	 
2025-04-20 15:54:44,967 INFO Iter : 47300 	 LR : 0.00053 	 training loss : 4.20742 	 
2025-04-20 15:59:00,858 INFO Iter : 47400 	 LR : 0.00053 	 training loss : 3.74963 	 
2025-04-20 16:03:16,535 INFO Iter : 47500 	 LR : 0.00053 	 training loss : 4.35262 	 
2025-04-20 16:07:30,571 INFO Iter : 47600 	 LR : 0.00053 	 training loss : 4.79777 	 
2025-04-20 16:11:47,300 INFO Iter : 47700 	 LR : 0.00053 	 training loss : 4.06985 	 
2025-04-20 16:16:01,683 INFO Iter : 47800 	 LR : 0.00053 	 training loss : 4.98246 	 
2025-04-20 16:20:17,438 INFO Iter : 47900 	 LR : 0.00053 	 training loss : 4.31988 	 
2025-04-20 16:24:33,687 INFO Iter : 48000 	 LR : 0.00052 	 training loss : 4.22482 	 
2025-04-20 16:24:36,928 INFO Val. loss : 3.932 	 CER : 0.0114 	 WER : 0.0251 	 
2025-04-20 16:28:50,870 INFO Iter : 48100 	 LR : 0.00052 	 training loss : 4.21089 	 
2025-04-20 16:33:06,778 INFO Iter : 48200 	 LR : 0.00052 	 training loss : 4.91210 	 
2025-04-20 16:37:19,954 INFO Iter : 48300 	 LR : 0.00052 	 training loss : 4.50753 	 
2025-04-20 16:41:35,434 INFO Iter : 48400 	 LR : 0.00052 	 training loss : 4.13368 	 
2025-04-20 16:45:51,614 INFO Iter : 48500 	 LR : 0.00052 	 training loss : 4.80109 	 
2025-04-20 16:50:06,296 INFO Iter : 48600 	 LR : 0.00051 	 training loss : 4.26474 	 
2025-04-20 16:54:21,246 INFO Iter : 48700 	 LR : 0.00051 	 training loss : 4.38822 	 
2025-04-20 16:58:37,219 INFO Iter : 48800 	 LR : 0.00051 	 training loss : 4.07513 	 
2025-04-20 17:02:50,509 INFO Iter : 48900 	 LR : 0.00051 	 training loss : 3.98281 	 
2025-04-20 17:07:06,321 INFO Iter : 49000 	 LR : 0.00051 	 training loss : 3.85821 	 
2025-04-20 17:07:09,569 INFO Val. loss : 3.968 	 CER : 0.0114 	 WER : 0.0247 	 
2025-04-20 17:11:22,142 INFO Iter : 49100 	 LR : 0.00051 	 training loss : 4.27464 	 
2025-04-20 17:15:36,534 INFO Iter : 49200 	 LR : 0.00050 	 training loss : 4.06039 	 
2025-04-20 17:19:51,639 INFO Iter : 49300 	 LR : 0.00050 	 training loss : 4.29670 	 
2025-04-20 17:24:05,162 INFO Iter : 49400 	 LR : 0.00050 	 training loss : 4.52867 	 
2025-04-20 17:28:20,316 INFO Iter : 49500 	 LR : 0.00050 	 training loss : 3.46019 	 
2025-04-20 17:32:35,991 INFO Iter : 49600 	 LR : 0.00050 	 training loss : 3.81016 	 
2025-04-20 17:36:49,156 INFO Iter : 49700 	 LR : 0.00050 	 training loss : 4.14347 	 
2025-04-20 17:41:05,158 INFO Iter : 49800 	 LR : 0.00050 	 training loss : 4.82513 	 
2025-04-20 17:45:18,704 INFO Iter : 49900 	 LR : 0.00049 	 training loss : 4.30059 	 
2025-04-20 17:49:34,578 INFO Iter : 50000 	 LR : 0.00049 	 training loss : 3.84565 	 
2025-04-20 17:49:37,872 INFO Val. loss : 3.976 	 CER : 0.0117 	 WER : 0.0243 	 
2025-04-20 17:53:52,704 INFO Iter : 50100 	 LR : 0.00049 	 training loss : 4.56311 	 
2025-04-20 17:58:05,210 INFO Iter : 50200 	 LR : 0.00049 	 training loss : 3.45164 	 
2025-04-20 18:02:21,112 INFO Iter : 50300 	 LR : 0.00049 	 training loss : 4.23632 	 
2025-04-20 18:06:33,193 INFO Iter : 50400 	 LR : 0.00049 	 training loss : 3.45216 	 
2025-04-20 18:10:47,584 INFO Iter : 50500 	 LR : 0.00048 	 training loss : 4.07036 	 
2025-04-20 18:15:03,252 INFO Iter : 50600 	 LR : 0.00048 	 training loss : 4.06429 	 
2025-04-20 18:19:16,507 INFO Iter : 50700 	 LR : 0.00048 	 training loss : 4.45658 	 
2025-04-20 18:23:33,192 INFO Iter : 50800 	 LR : 0.00048 	 training loss : 4.21716 	 
2025-04-20 18:27:48,700 INFO Iter : 50900 	 LR : 0.00048 	 training loss : 3.63015 	 
2025-04-20 18:32:01,629 INFO Iter : 51000 	 LR : 0.00048 	 training loss : 4.38097 	 
2025-04-20 18:32:04,886 INFO Val. loss : 3.982 	 CER : 0.0116 	 WER : 0.0255 	 
2025-04-20 18:36:21,077 INFO Iter : 51100 	 LR : 0.00047 	 training loss : 4.41425 	 
2025-04-20 18:40:35,992 INFO Iter : 51200 	 LR : 0.00047 	 training loss : 3.62980 	 
2025-04-20 18:44:52,038 INFO Iter : 51300 	 LR : 0.00047 	 training loss : 4.10699 	 
2025-04-20 18:49:07,843 INFO Iter : 51400 	 LR : 0.00047 	 training loss : 4.32779 	 
2025-04-20 18:53:21,542 INFO Iter : 51500 	 LR : 0.00047 	 training loss : 4.45683 	 
2025-04-20 18:57:37,671 INFO Iter : 51600 	 LR : 0.00047 	 training loss : 4.09105 	 
2025-04-20 19:01:54,153 INFO Iter : 51700 	 LR : 0.00047 	 training loss : 4.42198 	 
2025-04-20 19:06:07,141 INFO Iter : 51800 	 LR : 0.00046 	 training loss : 4.06435 	 
2025-04-20 19:10:21,612 INFO Iter : 51900 	 LR : 0.00046 	 training loss : 4.04113 	 
2025-04-20 19:14:35,638 INFO Iter : 52000 	 LR : 0.00046 	 training loss : 3.38562 	 
2025-04-20 19:14:38,892 INFO Val. loss : 4.020 	 CER : 0.0115 	 WER : 0.0251 	 
2025-04-20 19:18:55,073 INFO Iter : 52100 	 LR : 0.00046 	 training loss : 3.90493 	 
2025-04-20 19:23:10,791 INFO Iter : 52200 	 LR : 0.00046 	 training loss : 3.94377 	 
2025-04-20 19:27:24,781 INFO Iter : 52300 	 LR : 0.00046 	 training loss : 3.93805 	 
2025-04-20 19:31:39,853 INFO Iter : 52400 	 LR : 0.00045 	 training loss : 4.15142 	 
2025-04-20 19:35:54,156 INFO Iter : 52500 	 LR : 0.00045 	 training loss : 3.74948 	 
2025-04-20 19:40:10,500 INFO Iter : 52600 	 LR : 0.00045 	 training loss : 4.06845 	 
2025-04-20 19:44:25,226 INFO Iter : 52700 	 LR : 0.00045 	 training loss : 4.57010 	 
2025-04-20 19:48:38,462 INFO Iter : 52800 	 LR : 0.00045 	 training loss : 3.39406 	 
2025-04-20 19:52:54,202 INFO Iter : 52900 	 LR : 0.00045 	 training loss : 3.90681 	 
2025-04-20 19:57:09,840 INFO Iter : 53000 	 LR : 0.00044 	 training loss : 3.55556 	 
2025-04-20 19:57:13,112 INFO Val. loss : 4.087 	 CER : 0.0118 	 WER : 0.0259 	 
2025-04-20 20:01:27,140 INFO Iter : 53100 	 LR : 0.00044 	 training loss : 3.90045 	 
2025-04-20 20:05:42,078 INFO Iter : 53200 	 LR : 0.00044 	 training loss : 4.07761 	 
2025-04-20 20:09:55,727 INFO Iter : 53300 	 LR : 0.00044 	 training loss : 4.48315 	 
2025-04-20 20:14:11,601 INFO Iter : 53400 	 LR : 0.00044 	 training loss : 3.96257 	 
2025-04-20 20:18:27,510 INFO Iter : 53500 	 LR : 0.00044 	 training loss : 3.77674 	 
2025-04-20 20:22:41,179 INFO Iter : 53600 	 LR : 0.00044 	 training loss : 3.89965 	 
2025-04-20 20:26:56,158 INFO Iter : 53700 	 LR : 0.00043 	 training loss : 3.70132 	 
2025-04-20 20:31:11,882 INFO Iter : 53800 	 LR : 0.00043 	 training loss : 3.95335 	 
2025-04-20 20:35:26,147 INFO Iter : 53900 	 LR : 0.00043 	 training loss : 4.29095 	 
2025-04-20 20:39:43,049 INFO Iter : 54000 	 LR : 0.00043 	 training loss : 3.95317 	 
2025-04-20 20:39:46,280 INFO Val. loss : 4.127 	 CER : 0.0120 	 WER : 0.0255 	 
2025-04-20 20:43:59,843 INFO Iter : 54100 	 LR : 0.00043 	 training loss : 3.73364 	 
2025-04-20 20:48:15,773 INFO Iter : 54200 	 LR : 0.00043 	 training loss : 4.27226 	 
2025-04-20 20:52:31,069 INFO Iter : 54300 	 LR : 0.00042 	 training loss : 4.13704 	 
2025-04-20 20:56:43,895 INFO Iter : 54400 	 LR : 0.00042 	 training loss : 3.73416 	 
2025-04-20 21:01:00,024 INFO Iter : 54500 	 LR : 0.00042 	 training loss : 4.20319 	 
2025-04-20 21:05:14,375 INFO Iter : 54600 	 LR : 0.00042 	 training loss : 4.87589 	 
2025-04-20 21:09:30,496 INFO Iter : 54700 	 LR : 0.00042 	 training loss : 3.63662 	 
2025-04-20 21:13:47,343 INFO Iter : 54800 	 LR : 0.00042 	 training loss : 3.95480 	 
2025-04-20 21:17:59,990 INFO Iter : 54900 	 LR : 0.00041 	 training loss : 4.05199 	 
2025-04-20 21:22:14,935 INFO Iter : 55000 	 LR : 0.00041 	 training loss : 3.84300 	 
2025-04-20 21:22:18,184 INFO Val. loss : 4.138 	 CER : 0.0120 	 WER : 0.0262 	 
2025-04-20 21:26:35,328 INFO Iter : 55100 	 LR : 0.00041 	 training loss : 3.75000 	 
2025-04-20 21:30:48,650 INFO Iter : 55200 	 LR : 0.00041 	 training loss : 3.19693 	 
2025-04-20 21:35:04,662 INFO Iter : 55300 	 LR : 0.00041 	 training loss : 3.79830 	 
2025-04-20 21:39:17,690 INFO Iter : 55400 	 LR : 0.00041 	 training loss : 4.91017 	 
2025-04-20 21:43:34,288 INFO Iter : 55500 	 LR : 0.00041 	 training loss : 4.20614 	 
2025-04-20 21:47:50,100 INFO Iter : 55600 	 LR : 0.00040 	 training loss : 4.05215 	 
2025-04-20 21:52:03,118 INFO Iter : 55700 	 LR : 0.00040 	 training loss : 3.57349 	 
2025-04-20 21:56:18,746 INFO Iter : 55800 	 LR : 0.00040 	 training loss : 3.58323 	 
2025-04-20 22:00:35,356 INFO Iter : 55900 	 LR : 0.00040 	 training loss : 4.01554 	 
2025-04-20 22:04:49,355 INFO Iter : 56000 	 LR : 0.00040 	 training loss : 4.08307 	 
2025-04-20 22:04:52,627 INFO Val. loss : 4.139 	 CER : 0.0123 	 WER : 0.0266 	 
2025-04-20 22:09:08,637 INFO Iter : 56100 	 LR : 0.00040 	 training loss : 3.58656 	 
2025-04-20 22:13:20,191 INFO Iter : 56200 	 LR : 0.00039 	 training loss : 3.76530 	 
2025-04-20 22:17:37,314 INFO Iter : 56300 	 LR : 0.00039 	 training loss : 3.53856 	 
2025-04-20 22:21:52,863 INFO Iter : 56400 	 LR : 0.00039 	 training loss : 3.72790 	 
2025-04-20 22:26:06,079 INFO Iter : 56500 	 LR : 0.00039 	 training loss : 3.90730 	 
2025-04-20 22:30:21,742 INFO Iter : 56600 	 LR : 0.00039 	 training loss : 3.67079 	 
2025-04-20 22:34:35,613 INFO Iter : 56700 	 LR : 0.00039 	 training loss : 3.45658 	 
2025-04-20 22:38:50,298 INFO Iter : 56800 	 LR : 0.00039 	 training loss : 4.33231 	 
2025-04-20 22:43:06,375 INFO Iter : 56900 	 LR : 0.00038 	 training loss : 3.89395 	 
2025-04-20 22:47:19,978 INFO Iter : 57000 	 LR : 0.00038 	 training loss : 3.95823 	 
2025-04-20 22:47:23,268 INFO Val. loss : 4.159 	 CER : 0.0125 	 WER : 0.0274 	 
2025-04-20 22:51:39,177 INFO Iter : 57100 	 LR : 0.00038 	 training loss : 3.62013 	 
2025-04-20 22:55:56,181 INFO Iter : 57200 	 LR : 0.00038 	 training loss : 3.97251 	 
2025-04-20 23:00:10,072 INFO Iter : 57300 	 LR : 0.00038 	 training loss : 3.25760 	 
2025-04-20 23:04:26,867 INFO Iter : 57400 	 LR : 0.00038 	 training loss : 3.72312 	 
2025-04-20 23:08:39,984 INFO Iter : 57500 	 LR : 0.00037 	 training loss : 3.71646 	 
2025-04-20 23:12:55,631 INFO Iter : 57600 	 LR : 0.00037 	 training loss : 3.67680 	 
2025-04-20 23:17:11,794 INFO Iter : 57700 	 LR : 0.00037 	 training loss : 3.23194 	 
2025-04-20 23:21:26,194 INFO Iter : 57800 	 LR : 0.00037 	 training loss : 3.75307 	 
2025-04-20 23:25:41,788 INFO Iter : 57900 	 LR : 0.00037 	 training loss : 3.68027 	 
2025-04-20 23:29:58,143 INFO Iter : 58000 	 LR : 0.00037 	 training loss : 3.67318 	 
2025-04-20 23:30:01,329 INFO Val. loss : 4.149 	 CER : 0.0125 	 WER : 0.0262 	 
2025-04-20 23:34:14,660 INFO Iter : 58100 	 LR : 0.00037 	 training loss : 3.96365 	 
2025-04-20 23:38:31,224 INFO Iter : 58200 	 LR : 0.00036 	 training loss : 3.79662 	 
2025-04-20 23:42:44,520 INFO Iter : 58300 	 LR : 0.00036 	 training loss : 3.65364 	 
2025-04-20 23:47:01,546 INFO Iter : 58400 	 LR : 0.00036 	 training loss : 4.21604 	 
2025-04-20 23:51:16,881 INFO Iter : 58500 	 LR : 0.00036 	 training loss : 3.75631 	 
2025-04-20 23:55:29,162 INFO Iter : 58600 	 LR : 0.00036 	 training loss : 4.02088 	 
2025-04-20 23:59:43,597 INFO Iter : 58700 	 LR : 0.00036 	 training loss : 3.81506 	 
2025-04-21 00:03:56,425 INFO Iter : 58800 	 LR : 0.00035 	 training loss : 3.97930 	 
2025-04-21 00:08:12,503 INFO Iter : 58900 	 LR : 0.00035 	 training loss : 3.25089 	 
2025-04-21 00:12:28,320 INFO Iter : 59000 	 LR : 0.00035 	 training loss : 3.37302 	 
2025-04-21 00:12:31,571 INFO Val. loss : 4.164 	 CER : 0.0126 	 WER : 0.0266 	 
2025-04-21 00:16:44,824 INFO Iter : 59100 	 LR : 0.00035 	 training loss : 3.12491 	 
2025-04-21 00:20:59,622 INFO Iter : 59200 	 LR : 0.00035 	 training loss : 4.25043 	 
2025-04-21 00:25:15,256 INFO Iter : 59300 	 LR : 0.00035 	 training loss : 3.26183 	 
2025-04-21 00:29:28,530 INFO Iter : 59400 	 LR : 0.00035 	 training loss : 3.89598 	 
2025-04-21 00:33:44,048 INFO Iter : 59500 	 LR : 0.00034 	 training loss : 2.95197 	 
2025-04-21 00:37:58,293 INFO Iter : 59600 	 LR : 0.00034 	 training loss : 3.30935 	 
2025-04-21 00:42:13,119 INFO Iter : 59700 	 LR : 0.00034 	 training loss : 3.21968 	 
2025-04-21 00:46:28,988 INFO Iter : 59800 	 LR : 0.00034 	 training loss : 3.17730 	 
2025-04-21 00:50:42,709 INFO Iter : 59900 	 LR : 0.00034 	 training loss : 3.42879 	 
2025-04-21 00:54:57,889 INFO Iter : 60000 	 LR : 0.00034 	 training loss : 3.62120 	 
2025-04-21 00:55:01,095 INFO Val. loss : 4.182 	 CER : 0.0126 	 WER : 0.0270 	 
2025-04-21 00:59:16,008 INFO Iter : 60100 	 LR : 0.00034 	 training loss : 3.18065 	 
2025-04-21 01:03:29,231 INFO Iter : 60200 	 LR : 0.00033 	 training loss : 3.65094 	 
2025-04-21 01:07:45,065 INFO Iter : 60300 	 LR : 0.00033 	 training loss : 3.56766 	 
2025-04-21 01:11:58,094 INFO Iter : 60400 	 LR : 0.00033 	 training loss : 3.80099 	 
2025-04-21 01:16:13,776 INFO Iter : 60500 	 LR : 0.00033 	 training loss : 3.07118 	 
2025-04-21 01:20:29,126 INFO Iter : 60600 	 LR : 0.00033 	 training loss : 4.13981 	 
2025-04-21 01:24:41,915 INFO Iter : 60700 	 LR : 0.00033 	 training loss : 3.40958 	 
2025-04-21 01:28:58,814 INFO Iter : 60800 	 LR : 0.00032 	 training loss : 2.94613 	 
2025-04-21 01:33:11,417 INFO Iter : 60900 	 LR : 0.00032 	 training loss : 3.15152 	 
2025-04-21 01:37:27,711 INFO Iter : 61000 	 LR : 0.00032 	 training loss : 3.53783 	 
2025-04-21 01:37:30,909 INFO Val. loss : 4.184 	 CER : 0.0124 	 WER : 0.0262 	 
2025-04-21 01:41:46,992 INFO Iter : 61100 	 LR : 0.00032 	 training loss : 3.30762 	 
2025-04-21 01:46:00,111 INFO Iter : 61200 	 LR : 0.00032 	 training loss : 3.85380 	 
2025-04-21 01:50:15,495 INFO Iter : 61300 	 LR : 0.00032 	 training loss : 3.59322 	 
2025-04-21 01:54:32,350 INFO Iter : 61400 	 LR : 0.00032 	 training loss : 3.57099 	 
2025-04-21 01:58:45,789 INFO Iter : 61500 	 LR : 0.00031 	 training loss : 2.61578 	 
2025-04-21 02:03:01,844 INFO Iter : 61600 	 LR : 0.00031 	 training loss : 3.47835 	 
2025-04-21 02:07:14,321 INFO Iter : 61700 	 LR : 0.00031 	 training loss : 3.45150 	 
2025-04-21 02:11:31,462 INFO Iter : 61800 	 LR : 0.00031 	 training loss : 4.05890 	 
2025-04-21 02:15:47,795 INFO Iter : 61900 	 LR : 0.00031 	 training loss : 3.85394 	 
2025-04-21 02:20:01,720 INFO Iter : 62000 	 LR : 0.00031 	 training loss : 3.43904 	 
2025-04-21 02:20:04,918 INFO Val. loss : 4.126 	 CER : 0.0121 	 WER : 0.0259 	 
2025-04-21 02:24:20,627 INFO Iter : 62100 	 LR : 0.00031 	 training loss : 3.60877 	 
2025-04-21 02:28:37,413 INFO Iter : 62200 	 LR : 0.00030 	 training loss : 2.90907 	 
2025-04-21 02:32:50,480 INFO Iter : 62300 	 LR : 0.00030 	 training loss : 3.49982 	 
2025-04-21 02:37:05,569 INFO Iter : 62400 	 LR : 0.00030 	 training loss : 2.89847 	 
2025-04-21 02:41:20,421 INFO Iter : 62500 	 LR : 0.00030 	 training loss : 3.66357 	 
2025-04-21 02:45:35,554 INFO Iter : 62600 	 LR : 0.00030 	 training loss : 3.28215 	 
2025-04-21 02:49:51,973 INFO Iter : 62700 	 LR : 0.00030 	 training loss : 3.45779 	 
2025-04-21 02:54:04,947 INFO Iter : 62800 	 LR : 0.00030 	 training loss : 3.06472 	 
2025-04-21 02:58:20,462 INFO Iter : 62900 	 LR : 0.00029 	 training loss : 3.59335 	 
2025-04-21 03:02:34,417 INFO Iter : 63000 	 LR : 0.00029 	 training loss : 3.40766 	 
2025-04-21 03:02:37,644 INFO Val. loss : 4.151 	 CER : 0.0124 	 WER : 0.0266 	 
2025-04-21 03:06:53,450 INFO Iter : 63100 	 LR : 0.00029 	 training loss : 3.20553 	 
2025-04-21 03:11:09,286 INFO Iter : 63200 	 LR : 0.00029 	 training loss : 3.11755 	 
2025-04-21 03:15:22,854 INFO Iter : 63300 	 LR : 0.00029 	 training loss : 3.53519 	 
2025-04-21 03:19:39,066 INFO Iter : 63400 	 LR : 0.00029 	 training loss : 3.12995 	 
2025-04-21 03:23:54,103 INFO Iter : 63500 	 LR : 0.00029 	 training loss : 3.62289 	 
2025-04-21 03:28:08,826 INFO Iter : 63600 	 LR : 0.00028 	 training loss : 3.99386 	 
2025-04-21 03:32:24,656 INFO Iter : 63700 	 LR : 0.00028 	 training loss : 2.92806 	 
2025-04-21 03:36:39,171 INFO Iter : 63800 	 LR : 0.00028 	 training loss : 3.17141 	 
2025-04-21 03:40:55,773 INFO Iter : 63900 	 LR : 0.00028 	 training loss : 4.14589 	 
2025-04-21 03:45:11,601 INFO Iter : 64000 	 LR : 0.00028 	 training loss : 3.66876 	 
2025-04-21 03:45:14,807 INFO Val. loss : 4.139 	 CER : 0.0124 	 WER : 0.0262 	 
2025-04-21 03:49:28,683 INFO Iter : 64100 	 LR : 0.00028 	 training loss : 2.98717 	 
2025-04-21 03:53:44,326 INFO Iter : 64200 	 LR : 0.00028 	 training loss : 3.46305 	 
2025-04-21 03:58:00,023 INFO Iter : 64300 	 LR : 0.00027 	 training loss : 3.21364 	 
2025-04-21 04:02:13,107 INFO Iter : 64400 	 LR : 0.00027 	 training loss : 3.47968 	 
2025-04-21 04:06:28,112 INFO Iter : 64500 	 LR : 0.00027 	 training loss : 3.25302 	 
2025-04-21 04:10:41,106 INFO Iter : 64600 	 LR : 0.00027 	 training loss : 3.25265 	 
2025-04-21 04:14:57,664 INFO Iter : 64700 	 LR : 0.00027 	 training loss : 3.92416 	 
2025-04-21 04:19:14,319 INFO Iter : 64800 	 LR : 0.00027 	 training loss : 3.30534 	 
2025-04-21 04:23:28,490 INFO Iter : 64900 	 LR : 0.00027 	 training loss : 3.00488 	 
2025-04-21 04:27:44,281 INFO Iter : 65000 	 LR : 0.00026 	 training loss : 3.33901 	 
2025-04-21 04:27:47,480 INFO Val. loss : 4.173 	 CER : 0.0125 	 WER : 0.0251 	 
2025-04-21 04:31:59,495 INFO Iter : 65100 	 LR : 0.00026 	 training loss : 3.58683 	 
2025-04-21 04:36:13,654 INFO Iter : 65200 	 LR : 0.00026 	 training loss : 3.78441 	 
2025-04-21 04:40:28,473 INFO Iter : 65300 	 LR : 0.00026 	 training loss : 2.75602 	 
2025-04-21 04:44:42,504 INFO Iter : 65400 	 LR : 0.00026 	 training loss : 2.89684 	 
2025-04-21 04:48:58,460 INFO Iter : 65500 	 LR : 0.00026 	 training loss : 3.07353 	 
2025-04-21 04:53:14,187 INFO Iter : 65600 	 LR : 0.00026 	 training loss : 3.37906 	 
2025-04-21 04:57:27,504 INFO Iter : 65700 	 LR : 0.00025 	 training loss : 2.78737 	 
2025-04-21 05:01:43,278 INFO Iter : 65800 	 LR : 0.00025 	 training loss : 3.36036 	 
2025-04-21 05:05:57,467 INFO Iter : 65900 	 LR : 0.00025 	 training loss : 2.64546 	 
2025-04-21 05:10:14,043 INFO Iter : 66000 	 LR : 0.00025 	 training loss : 2.82548 	 
2025-04-21 05:10:17,244 INFO Val. loss : 4.266 	 CER : 0.0124 	 WER : 0.0251 	 
2025-04-21 05:14:32,831 INFO Iter : 66100 	 LR : 0.00025 	 training loss : 2.83921 	 
2025-04-21 05:18:45,877 INFO Iter : 66200 	 LR : 0.00025 	 training loss : 2.82340 	 
2025-04-21 05:23:01,713 INFO Iter : 66300 	 LR : 0.00025 	 training loss : 3.00099 	 
2025-04-21 05:27:17,691 INFO Iter : 66400 	 LR : 0.00024 	 training loss : 3.37662 	 
2025-04-21 05:31:30,226 INFO Iter : 66500 	 LR : 0.00024 	 training loss : 3.27126 	 
2025-04-21 05:35:47,993 INFO Iter : 66600 	 LR : 0.00024 	 training loss : 3.22371 	 
2025-04-21 05:40:03,324 INFO Iter : 66700 	 LR : 0.00024 	 training loss : 3.28437 	 
2025-04-21 05:44:18,514 INFO Iter : 66800 	 LR : 0.00024 	 training loss : 2.91020 	 
2025-04-21 05:48:35,671 INFO Iter : 66900 	 LR : 0.00024 	 training loss : 3.07857 	 
2025-04-21 05:52:49,596 INFO Iter : 67000 	 LR : 0.00024 	 training loss : 3.10618 	 
2025-04-21 05:52:52,792 INFO Val. loss : 4.291 	 CER : 0.0127 	 WER : 0.0255 	 
2025-04-21 05:57:08,250 INFO Iter : 67100 	 LR : 0.00024 	 training loss : 3.35691 	 
2025-04-21 06:01:21,274 INFO Iter : 67200 	 LR : 0.00023 	 training loss : 3.32698 	 
2025-04-21 06:05:35,651 INFO Iter : 67300 	 LR : 0.00023 	 training loss : 3.05194 	 
2025-04-21 06:09:50,518 INFO Iter : 67400 	 LR : 0.00023 	 training loss : 3.51995 	 
2025-04-21 06:14:04,978 INFO Iter : 67500 	 LR : 0.00023 	 training loss : 2.85735 	 
2025-04-21 06:18:20,887 INFO Iter : 67600 	 LR : 0.00023 	 training loss : 2.87740 	 
2025-04-21 06:22:36,171 INFO Iter : 67700 	 LR : 0.00023 	 training loss : 3.49095 	 
2025-04-21 06:26:49,394 INFO Iter : 67800 	 LR : 0.00023 	 training loss : 3.32245 	 
2025-04-21 06:31:05,122 INFO Iter : 67900 	 LR : 0.00022 	 training loss : 2.91146 	 
2025-04-21 06:35:19,778 INFO Iter : 68000 	 LR : 0.00022 	 training loss : 3.10062 	 
2025-04-21 06:35:23,024 INFO Val. loss : 4.249 	 CER : 0.0125 	 WER : 0.0262 	 
2025-04-21 06:39:39,155 INFO Iter : 68100 	 LR : 0.00022 	 training loss : 2.85686 	 
2025-04-21 06:43:55,682 INFO Iter : 68200 	 LR : 0.00022 	 training loss : 3.02176 	 
2025-04-21 06:48:10,718 INFO Iter : 68300 	 LR : 0.00022 	 training loss : 3.49517 	 
2025-04-21 06:52:26,606 INFO Iter : 68400 	 LR : 0.00022 	 training loss : 3.27928 	 
2025-04-21 06:56:42,151 INFO Iter : 68500 	 LR : 0.00022 	 training loss : 3.10038 	 
2025-04-21 07:00:54,819 INFO Iter : 68600 	 LR : 0.00022 	 training loss : 3.04568 	 
2025-04-21 07:05:11,173 INFO Iter : 68700 	 LR : 0.00021 	 training loss : 2.99013 	 
2025-04-21 07:09:24,920 INFO Iter : 68800 	 LR : 0.00021 	 training loss : 2.83735 	 
2025-04-21 07:13:40,458 INFO Iter : 68900 	 LR : 0.00021 	 training loss : 3.20251 	 
2025-04-21 07:17:58,612 INFO Iter : 69000 	 LR : 0.00021 	 training loss : 3.06444 	 
2025-04-21 07:18:01,837 INFO Val. loss : 4.219 	 CER : 0.0122 	 WER : 0.0262 	 
2025-04-21 07:22:15,789 INFO Iter : 69100 	 LR : 0.00021 	 training loss : 3.22645 	 
2025-04-21 07:26:32,131 INFO Iter : 69200 	 LR : 0.00021 	 training loss : 2.91379 	 
2025-04-21 07:30:44,911 INFO Iter : 69300 	 LR : 0.00021 	 training loss : 3.05088 	 
2025-04-21 07:35:01,087 INFO Iter : 69400 	 LR : 0.00020 	 training loss : 3.06083 	 
2025-04-21 07:39:18,528 INFO Iter : 69500 	 LR : 0.00020 	 training loss : 2.80732 	 
2025-04-21 07:43:32,798 INFO Iter : 69600 	 LR : 0.00020 	 training loss : 2.80527 	 
2025-04-21 07:47:49,066 INFO Iter : 69700 	 LR : 0.00020 	 training loss : 2.92763 	 
2025-04-21 07:52:05,141 INFO Iter : 69800 	 LR : 0.00020 	 training loss : 2.92035 	 
2025-04-21 07:56:17,783 INFO Iter : 69900 	 LR : 0.00020 	 training loss : 3.38247 	 
2025-04-21 08:00:33,896 INFO Iter : 70000 	 LR : 0.00020 	 training loss : 3.01239 	 
2025-04-21 08:00:37,099 INFO Val. loss : 4.236 	 CER : 0.0123 	 WER : 0.0266 	 
2025-04-21 08:04:51,995 INFO Iter : 70100 	 LR : 0.00020 	 training loss : 2.69014 	 
2025-04-21 08:09:07,553 INFO Iter : 70200 	 LR : 0.00019 	 training loss : 2.75681 	 
2025-04-21 08:13:24,446 INFO Iter : 70300 	 LR : 0.00019 	 training loss : 2.79692 	 
2025-04-21 08:17:37,610 INFO Iter : 70400 	 LR : 0.00019 	 training loss : 3.57096 	 
2025-04-21 08:21:53,513 INFO Iter : 70500 	 LR : 0.00019 	 training loss : 3.01655 	 
2025-04-21 08:26:09,049 INFO Iter : 70600 	 LR : 0.00019 	 training loss : 3.50460 	 
2025-04-21 08:30:22,521 INFO Iter : 70700 	 LR : 0.00019 	 training loss : 3.44347 	 
2025-04-21 08:34:38,283 INFO Iter : 70800 	 LR : 0.00019 	 training loss : 3.04694 	 
2025-04-21 08:38:52,185 INFO Iter : 70900 	 LR : 0.00019 	 training loss : 3.32942 	 
2025-04-21 08:43:06,839 INFO Iter : 71000 	 LR : 0.00018 	 training loss : 2.72521 	 
2025-04-21 08:43:10,016 INFO Val. loss : 4.230 	 CER : 0.0123 	 WER : 0.0270 	 
2025-04-21 08:47:26,056 INFO Iter : 71100 	 LR : 0.00018 	 training loss : 2.38811 	 
2025-04-21 08:51:39,152 INFO Iter : 71200 	 LR : 0.00018 	 training loss : 3.14790 	 
2025-04-21 08:55:53,289 INFO Iter : 71300 	 LR : 0.00018 	 training loss : 3.01265 	 
2025-04-21 09:00:06,555 INFO Iter : 71400 	 LR : 0.00018 	 training loss : 3.13528 	 
2025-04-21 09:04:22,139 INFO Iter : 71500 	 LR : 0.00018 	 training loss : 2.97960 	 
2025-04-21 09:08:36,319 INFO Iter : 71600 	 LR : 0.00018 	 training loss : 2.87266 	 
2025-04-21 09:12:49,704 INFO Iter : 71700 	 LR : 0.00018 	 training loss : 3.37313 	 
2025-04-21 09:17:04,812 INFO Iter : 71800 	 LR : 0.00018 	 training loss : 2.56292 	 
2025-04-21 09:21:20,819 INFO Iter : 71900 	 LR : 0.00017 	 training loss : 2.65177 	 
2025-04-21 09:25:32,996 INFO Iter : 72000 	 LR : 0.00017 	 training loss : 3.41399 	 
2025-04-21 09:25:36,222 INFO Val. loss : 4.219 	 CER : 0.0124 	 WER : 0.0270 	 
2025-04-21 09:29:52,301 INFO Iter : 72100 	 LR : 0.00017 	 training loss : 2.87558 	 
2025-04-21 09:34:04,548 INFO Iter : 72200 	 LR : 0.00017 	 training loss : 2.88618 	 
2025-04-21 09:38:19,552 INFO Iter : 72300 	 LR : 0.00017 	 training loss : 2.94793 	 
2025-04-21 09:42:35,031 INFO Iter : 72400 	 LR : 0.00017 	 training loss : 2.83330 	 
2025-04-21 09:46:48,480 INFO Iter : 72500 	 LR : 0.00017 	 training loss : 2.74291 	 
2025-04-21 09:51:04,315 INFO Iter : 72600 	 LR : 0.00017 	 training loss : 3.13728 	 
2025-04-21 09:55:19,763 INFO Iter : 72700 	 LR : 0.00016 	 training loss : 2.86877 	 
2025-04-21 09:59:34,173 INFO Iter : 72800 	 LR : 0.00016 	 training loss : 2.80044 	 
2025-04-21 10:03:49,700 INFO Iter : 72900 	 LR : 0.00016 	 training loss : 3.01473 	 
2025-04-21 10:08:04,324 INFO Iter : 73000 	 LR : 0.00016 	 training loss : 2.98674 	 
2025-04-21 10:08:07,561 INFO Val. loss : 4.225 	 CER : 0.0123 	 WER : 0.0274 	 
2025-04-21 10:12:24,740 INFO Iter : 73100 	 LR : 0.00016 	 training loss : 2.37713 	 
2025-04-21 10:16:41,205 INFO Iter : 73200 	 LR : 0.00016 	 training loss : 2.45978 	 
2025-04-21 10:20:56,021 INFO Iter : 73300 	 LR : 0.00016 	 training loss : 2.54415 	 
2025-04-21 10:25:11,190 INFO Iter : 73400 	 LR : 0.00016 	 training loss : 2.61504 	 
2025-04-21 10:29:24,022 INFO Iter : 73500 	 LR : 0.00016 	 training loss : 2.40686 	 
2025-04-21 10:33:39,677 INFO Iter : 73600 	 LR : 0.00015 	 training loss : 4.35316 	 
2025-04-21 10:37:55,679 INFO Iter : 73700 	 LR : 0.00015 	 training loss : 2.32971 	 
2025-04-21 10:42:09,162 INFO Iter : 73800 	 LR : 0.00015 	 training loss : 2.68898 	 
2025-04-21 10:46:26,076 INFO Iter : 73900 	 LR : 0.00015 	 training loss : 2.26354 	 
2025-04-21 10:50:42,786 INFO Iter : 74000 	 LR : 0.00015 	 training loss : 2.89570 	 
2025-04-21 10:50:46,017 INFO Val. loss : 4.247 	 CER : 0.0117 	 WER : 0.0255 	 
2025-04-21 10:54:59,202 INFO Iter : 74100 	 LR : 0.00015 	 training loss : 2.71333 	 
2025-04-21 10:59:14,625 INFO Iter : 74200 	 LR : 0.00015 	 training loss : 2.08085 	 
2025-04-21 11:03:28,097 INFO Iter : 74300 	 LR : 0.00015 	 training loss : 2.54579 	 
2025-04-21 11:07:43,472 INFO Iter : 74400 	 LR : 0.00014 	 training loss : 2.48303 	 
2025-04-21 11:11:59,163 INFO Iter : 74500 	 LR : 0.00014 	 training loss : 2.91670 	 
2025-04-21 11:16:12,241 INFO Iter : 74600 	 LR : 0.00014 	 training loss : 2.57128 	 
2025-04-21 11:20:29,008 INFO Iter : 74700 	 LR : 0.00014 	 training loss : 2.18389 	 
2025-04-21 11:24:43,707 INFO Iter : 74800 	 LR : 0.00014 	 training loss : 2.87126 	 
2025-04-21 11:28:56,701 INFO Iter : 74900 	 LR : 0.00014 	 training loss : 3.08899 	 
2025-04-21 11:33:12,406 INFO Iter : 75000 	 LR : 0.00014 	 training loss : 2.67457 	 
2025-04-21 11:33:15,581 INFO Val. loss : 4.290 	 CER : 0.0120 	 WER : 0.0243 	 
2025-04-21 11:37:28,985 INFO Iter : 75100 	 LR : 0.00014 	 training loss : 2.87178 	 
2025-04-21 11:41:45,834 INFO Iter : 75200 	 LR : 0.00014 	 training loss : 3.09398 	 
2025-04-21 11:46:00,415 INFO Iter : 75300 	 LR : 0.00013 	 training loss : 2.94184 	 
2025-04-21 11:50:12,609 INFO Iter : 75400 	 LR : 0.00013 	 training loss : 2.46245 	 
2025-04-21 11:54:28,567 INFO Iter : 75500 	 LR : 0.00013 	 training loss : 2.82096 	 
2025-04-21 11:58:43,300 INFO Iter : 75600 	 LR : 0.00013 	 training loss : 2.39142 	 
2025-04-21 12:03:00,488 INFO Iter : 75700 	 LR : 0.00013 	 training loss : 2.69386 	 
2025-04-21 12:07:16,925 INFO Iter : 75800 	 LR : 0.00013 	 training loss : 2.39874 	 
2025-04-21 12:11:29,328 INFO Iter : 75900 	 LR : 0.00013 	 training loss : 2.64182 	 
2025-04-21 12:15:44,708 INFO Iter : 76000 	 LR : 0.00013 	 training loss : 2.72514 	 
2025-04-21 12:15:47,881 INFO Val. loss : 4.257 	 CER : 0.0119 	 WER : 0.0243 	 
2025-04-21 12:20:03,705 INFO Iter : 76100 	 LR : 0.00013 	 training loss : 2.52479 	 
2025-04-21 12:24:16,256 INFO Iter : 76200 	 LR : 0.00013 	 training loss : 3.00887 	 
2025-04-21 12:28:31,883 INFO Iter : 76300 	 LR : 0.00012 	 training loss : 2.06462 	 
2025-04-21 12:32:45,448 INFO Iter : 76400 	 LR : 0.00012 	 training loss : 2.37879 	 
2025-04-21 12:37:00,537 INFO Iter : 76500 	 LR : 0.00012 	 training loss : 3.01714 	 
2025-04-21 12:41:15,875 INFO Iter : 76600 	 LR : 0.00012 	 training loss : 2.69012 	 
2025-04-21 12:45:29,285 INFO Iter : 76700 	 LR : 0.00012 	 training loss : 3.03088 	 
2025-04-21 12:49:44,909 INFO Iter : 76800 	 LR : 0.00012 	 training loss : 2.29796 	 
2025-04-21 12:54:00,918 INFO Iter : 76900 	 LR : 0.00012 	 training loss : 2.52693 	 
2025-04-21 12:58:13,171 INFO Iter : 77000 	 LR : 0.00012 	 training loss : 2.57478 	 
2025-04-21 12:58:16,390 INFO Val. loss : 4.243 	 CER : 0.0118 	 WER : 0.0240 	 
2025-04-21 13:02:31,505 INFO Iter : 77100 	 LR : 0.00012 	 training loss : 2.34337 	 
2025-04-21 13:06:44,319 INFO Iter : 77200 	 LR : 0.00012 	 training loss : 2.25033 	 
2025-04-21 13:10:59,594 INFO Iter : 77300 	 LR : 0.00011 	 training loss : 2.42837 	 
2025-04-21 13:15:15,978 INFO Iter : 77400 	 LR : 0.00011 	 training loss : 2.23023 	 
2025-04-21 13:19:28,815 INFO Iter : 77500 	 LR : 0.00011 	 training loss : 2.44726 	 
2025-04-21 13:23:43,368 INFO Iter : 77600 	 LR : 0.00011 	 training loss : 2.66751 	 
2025-04-21 13:27:57,102 INFO Iter : 77700 	 LR : 0.00011 	 training loss : 2.81590 	 
2025-04-21 13:32:13,212 INFO Iter : 77800 	 LR : 0.00011 	 training loss : 2.48894 	 
2025-04-21 13:36:28,917 INFO Iter : 77900 	 LR : 0.00011 	 training loss : 2.70213 	 
2025-04-21 13:40:42,817 INFO Iter : 78000 	 LR : 0.00011 	 training loss : 2.82410 	 
2025-04-21 13:40:46,011 INFO Val. loss : 4.227 	 CER : 0.0116 	 WER : 0.0247 	 
2025-04-21 13:45:01,816 INFO Iter : 78100 	 LR : 0.00011 	 training loss : 2.77772 	 
2025-04-21 13:49:18,326 INFO Iter : 78200 	 LR : 0.00011 	 training loss : 2.47041 	 
2025-04-21 13:53:31,364 INFO Iter : 78300 	 LR : 0.00010 	 training loss : 2.17720 	 
2025-04-21 13:57:47,978 INFO Iter : 78400 	 LR : 0.00010 	 training loss : 2.39589 	 
2025-04-21 14:02:01,438 INFO Iter : 78500 	 LR : 0.00010 	 training loss : 2.57394 	 
2025-04-21 14:06:16,534 INFO Iter : 78600 	 LR : 0.00010 	 training loss : 2.72112 	 
2025-04-21 14:10:32,377 INFO Iter : 78700 	 LR : 0.00010 	 training loss : 2.78998 	 
2025-04-21 14:14:46,246 INFO Iter : 78800 	 LR : 0.00010 	 training loss : 2.65963 	 
2025-04-21 14:19:01,487 INFO Iter : 78900 	 LR : 0.00010 	 training loss : 2.21852 	 
2025-04-21 14:23:18,174 INFO Iter : 79000 	 LR : 0.00010 	 training loss : 2.83826 	 
2025-04-21 14:23:21,397 INFO Val. loss : 4.226 	 CER : 0.0118 	 WER : 0.0251 	 
2025-04-21 14:27:34,188 INFO Iter : 79100 	 LR : 0.00010 	 training loss : 2.37692 	 
2025-04-21 14:31:50,687 INFO Iter : 79200 	 LR : 0.00010 	 training loss : 2.40999 	 
2025-04-21 14:36:03,578 INFO Iter : 79300 	 LR : 0.00009 	 training loss : 2.41913 	 
2025-04-21 14:40:18,361 INFO Iter : 79400 	 LR : 0.00009 	 training loss : 2.35584 	 
2025-04-21 14:44:35,658 INFO Iter : 79500 	 LR : 0.00009 	 training loss : 2.06332 	 
2025-04-21 14:48:49,742 INFO Iter : 79600 	 LR : 0.00009 	 training loss : 2.47699 	 
2025-04-21 14:53:05,079 INFO Iter : 79700 	 LR : 0.00009 	 training loss : 2.79705 	 
2025-04-21 14:57:18,885 INFO Iter : 79800 	 LR : 0.00009 	 training loss : 3.18858 	 
2025-04-21 15:01:34,026 INFO Iter : 79900 	 LR : 0.00009 	 training loss : 2.06953 	 
2025-04-21 15:05:50,348 INFO Iter : 80000 	 LR : 0.00009 	 training loss : 2.90459 	 
2025-04-21 15:05:53,551 INFO Val. loss : 4.242 	 CER : 0.0120 	 WER : 0.0251 	 
2025-04-21 15:10:06,253 INFO Iter : 80100 	 LR : 0.00009 	 training loss : 2.50681 	 
2025-04-21 15:14:22,661 INFO Iter : 80200 	 LR : 0.00009 	 training loss : 2.58227 	 
2025-04-21 15:18:38,868 INFO Iter : 80300 	 LR : 0.00009 	 training loss : 2.73732 	 
2025-04-21 15:22:51,925 INFO Iter : 80400 	 LR : 0.00008 	 training loss : 2.41113 	 
2025-04-21 15:27:08,329 INFO Iter : 80500 	 LR : 0.00008 	 training loss : 2.45634 	 
2025-04-21 15:31:22,309 INFO Iter : 80600 	 LR : 0.00008 	 training loss : 2.44157 	 
2025-04-21 15:35:38,909 INFO Iter : 80700 	 LR : 0.00008 	 training loss : 2.40360 	 
2025-04-21 15:39:54,515 INFO Iter : 80800 	 LR : 0.00008 	 training loss : 2.40547 	 
2025-04-21 15:44:07,614 INFO Iter : 80900 	 LR : 0.00008 	 training loss : 1.92697 	 
2025-04-21 15:48:23,560 INFO Iter : 81000 	 LR : 0.00008 	 training loss : 2.17634 	 
2025-04-21 15:48:26,767 INFO Val. loss : 4.265 	 CER : 0.0119 	 WER : 0.0255 	 
2025-04-21 15:52:42,848 INFO Iter : 81100 	 LR : 0.00008 	 training loss : 2.18475 	 
2025-04-21 15:56:56,104 INFO Iter : 81200 	 LR : 0.00008 	 training loss : 2.24439 	 
2025-04-21 16:01:11,379 INFO Iter : 81300 	 LR : 0.00008 	 training loss : 1.84219 	 
2025-04-21 16:05:23,914 INFO Iter : 81400 	 LR : 0.00008 	 training loss : 2.24478 	 
2025-04-21 16:09:38,781 INFO Iter : 81500 	 LR : 0.00008 	 training loss : 2.67148 	 
2025-04-21 16:13:54,918 INFO Iter : 81600 	 LR : 0.00007 	 training loss : 2.79993 	 
2025-04-21 16:18:08,686 INFO Iter : 81700 	 LR : 0.00007 	 training loss : 2.45773 	 
2025-04-21 16:22:25,993 INFO Iter : 81800 	 LR : 0.00007 	 training loss : 2.03789 	 
2025-04-21 16:26:38,997 INFO Iter : 81900 	 LR : 0.00007 	 training loss : 2.43599 	 
2025-04-21 16:30:54,915 INFO Iter : 82000 	 LR : 0.00007 	 training loss : 2.14501 	 
2025-04-21 16:30:58,185 INFO Val. loss : 4.304 	 CER : 0.0120 	 WER : 0.0251 	 
2025-04-21 16:35:14,592 INFO Iter : 82100 	 LR : 0.00007 	 training loss : 2.10099 	 
2025-04-21 16:39:27,525 INFO Iter : 82200 	 LR : 0.00007 	 training loss : 2.29346 	 
2025-04-21 16:43:43,600 INFO Iter : 82300 	 LR : 0.00007 	 training loss : 2.08361 	 
2025-04-21 16:47:59,462 INFO Iter : 82400 	 LR : 0.00007 	 training loss : 2.47984 	 
2025-04-21 16:52:13,429 INFO Iter : 82500 	 LR : 0.00007 	 training loss : 2.43206 	 
2025-04-21 16:56:28,727 INFO Iter : 82600 	 LR : 0.00007 	 training loss : 1.98939 	 
2025-04-21 17:00:40,580 INFO Iter : 82700 	 LR : 0.00007 	 training loss : 2.19767 	 
2025-04-21 17:04:56,724 INFO Iter : 82800 	 LR : 0.00006 	 training loss : 2.42838 	 
2025-04-21 17:09:13,072 INFO Iter : 82900 	 LR : 0.00006 	 training loss : 1.82879 	 
2025-04-21 17:13:25,769 INFO Iter : 83000 	 LR : 0.00006 	 training loss : 1.86039 	 
2025-04-21 17:13:28,976 INFO Val. loss : 4.335 	 CER : 0.0120 	 WER : 0.0247 	 
2025-04-21 17:17:45,522 INFO Iter : 83100 	 LR : 0.00006 	 training loss : 2.82188 	 
2025-04-21 17:22:00,396 INFO Iter : 83200 	 LR : 0.00006 	 training loss : 2.41097 	 
2025-04-21 17:26:15,352 INFO Iter : 83300 	 LR : 0.00006 	 training loss : 2.28557 	 
2025-04-21 17:30:30,574 INFO Iter : 83400 	 LR : 0.00006 	 training loss : 2.16770 	 
2025-04-21 17:34:42,972 INFO Iter : 83500 	 LR : 0.00006 	 training loss : 2.39441 	 
2025-04-21 17:38:59,000 INFO Iter : 83600 	 LR : 0.00006 	 training loss : 2.11193 	 
2025-04-21 17:43:15,791 INFO Iter : 83700 	 LR : 0.00006 	 training loss : 2.25285 	 
2025-04-21 17:47:28,972 INFO Iter : 83800 	 LR : 0.00006 	 training loss : 2.32503 	 
2025-04-21 17:51:45,020 INFO Iter : 83900 	 LR : 0.00006 	 training loss : 2.10046 	 
2025-04-21 17:55:58,181 INFO Iter : 84000 	 LR : 0.00006 	 training loss : 2.02761 	 
2025-04-21 17:56:01,362 INFO Val. loss : 4.416 	 CER : 0.0120 	 WER : 0.0259 	 
2025-04-21 18:00:17,246 INFO Iter : 84100 	 LR : 0.00005 	 training loss : 2.45678 	 
2025-04-21 18:04:33,784 INFO Iter : 84200 	 LR : 0.00005 	 training loss : 2.53899 	 
2025-04-21 18:08:47,387 INFO Iter : 84300 	 LR : 0.00005 	 training loss : 2.02636 	 
2025-04-21 18:13:03,457 INFO Iter : 84400 	 LR : 0.00005 	 training loss : 2.36856 	 
2025-04-21 18:17:19,352 INFO Iter : 84500 	 LR : 0.00005 	 training loss : 1.77804 	 
2025-04-21 18:21:32,671 INFO Iter : 84600 	 LR : 0.00005 	 training loss : 2.33469 	 
2025-04-21 18:25:48,316 INFO Iter : 84700 	 LR : 0.00005 	 training loss : 2.52038 	 
2025-04-21 18:30:02,159 INFO Iter : 84800 	 LR : 0.00005 	 training loss : 2.12657 	 
2025-04-21 18:34:18,689 INFO Iter : 84900 	 LR : 0.00005 	 training loss : 2.43098 	 
2025-04-21 18:38:35,192 INFO Iter : 85000 	 LR : 0.00005 	 training loss : 2.22701 	 
2025-04-21 18:38:38,373 INFO Val. loss : 4.445 	 CER : 0.0122 	 WER : 0.0259 	 
2025-04-21 18:42:51,820 INFO Iter : 85100 	 LR : 0.00005 	 training loss : 2.04961 	 
2025-04-21 18:47:08,039 INFO Iter : 85200 	 LR : 0.00005 	 training loss : 2.07754 	 
2025-04-21 18:51:24,245 INFO Iter : 85300 	 LR : 0.00005 	 training loss : 1.97228 	 
2025-04-21 18:55:37,636 INFO Iter : 85400 	 LR : 0.00005 	 training loss : 2.37545 	 
2025-04-21 18:59:53,490 INFO Iter : 85500 	 LR : 0.00005 	 training loss : 2.27839 	 
2025-04-21 19:04:06,232 INFO Iter : 85600 	 LR : 0.00004 	 training loss : 2.19620 	 
2025-04-21 19:08:22,529 INFO Iter : 85700 	 LR : 0.00004 	 training loss : 2.24702 	 
2025-04-21 19:12:38,508 INFO Iter : 85800 	 LR : 0.00004 	 training loss : 1.84409 	 
2025-04-21 19:16:52,026 INFO Iter : 85900 	 LR : 0.00004 	 training loss : 2.29487 	 
2025-04-21 19:21:06,839 INFO Iter : 86000 	 LR : 0.00004 	 training loss : 2.04204 	 
2025-04-21 19:21:10,054 INFO Val. loss : 4.486 	 CER : 0.0122 	 WER : 0.0259 	 
2025-04-21 19:25:23,123 INFO Iter : 86100 	 LR : 0.00004 	 training loss : 2.09240 	 
2025-04-21 19:29:38,764 INFO Iter : 86200 	 LR : 0.00004 	 training loss : 2.33167 	 
2025-04-21 19:33:57,042 INFO Iter : 86300 	 LR : 0.00004 	 training loss : 2.06552 	 
2025-04-21 19:38:10,233 INFO Iter : 86400 	 LR : 0.00004 	 training loss : 1.96112 	 
2025-04-21 19:42:26,113 INFO Iter : 86500 	 LR : 0.00004 	 training loss : 1.77822 	 
2025-04-21 19:46:41,478 INFO Iter : 86600 	 LR : 0.00004 	 training loss : 2.03531 	 
2025-04-21 19:50:53,936 INFO Iter : 86700 	 LR : 0.00004 	 training loss : 2.26173 	 
2025-04-21 19:55:10,886 INFO Iter : 86800 	 LR : 0.00004 	 training loss : 1.94981 	 
2025-04-21 19:59:22,662 INFO Iter : 86900 	 LR : 0.00004 	 training loss : 2.04175 	 
2025-04-21 20:03:38,095 INFO Iter : 87000 	 LR : 0.00004 	 training loss : 1.73190 	 
2025-04-21 20:03:41,285 INFO Val. loss : 4.471 	 CER : 0.0119 	 WER : 0.0255 	 
2025-04-21 20:07:57,659 INFO Iter : 87100 	 LR : 0.00004 	 training loss : 2.44616 	 
2025-04-21 20:12:11,883 INFO Iter : 87200 	 LR : 0.00003 	 training loss : 1.81939 	 
2025-04-21 20:16:27,214 INFO Iter : 87300 	 LR : 0.00003 	 training loss : 2.33903 	 
2025-04-21 20:20:44,059 INFO Iter : 87400 	 LR : 0.00003 	 training loss : 2.66333 	 
2025-04-21 20:24:57,676 INFO Iter : 87500 	 LR : 0.00003 	 training loss : 1.78320 	 
2025-04-21 20:29:13,048 INFO Iter : 87600 	 LR : 0.00003 	 training loss : 1.98882 	 
2025-04-21 20:33:26,930 INFO Iter : 87700 	 LR : 0.00003 	 training loss : 2.12938 	 
2025-04-21 20:37:43,037 INFO Iter : 87800 	 LR : 0.00003 	 training loss : 1.69302 	 
2025-04-21 20:42:00,567 INFO Iter : 87900 	 LR : 0.00003 	 training loss : 2.20907 	 
2025-04-21 20:46:15,102 INFO Iter : 88000 	 LR : 0.00003 	 training loss : 1.93745 	 
2025-04-21 20:46:18,302 INFO Val. loss : 4.479 	 CER : 0.0122 	 WER : 0.0278 	 
2025-04-21 20:50:34,526 INFO Iter : 88100 	 LR : 0.00003 	 training loss : 2.02794 	 
2025-04-21 20:54:47,113 INFO Iter : 88200 	 LR : 0.00003 	 training loss : 2.36112 	 
2025-04-21 20:59:02,402 INFO Iter : 88300 	 LR : 0.00003 	 training loss : 1.71388 	 
2025-04-21 21:03:17,683 INFO Iter : 88400 	 LR : 0.00003 	 training loss : 2.25341 	 
2025-04-21 21:07:30,915 INFO Iter : 88500 	 LR : 0.00003 	 training loss : 2.08602 	 
2025-04-21 21:11:47,406 INFO Iter : 88600 	 LR : 0.00003 	 training loss : 2.06338 	 
2025-04-21 21:16:01,801 INFO Iter : 88700 	 LR : 0.00003 	 training loss : 2.32971 	 
2025-04-21 21:20:15,044 INFO Iter : 88800 	 LR : 0.00003 	 training loss : 1.94448 	 
2025-04-21 21:24:31,529 INFO Iter : 88900 	 LR : 0.00003 	 training loss : 2.11686 	 
2025-04-21 21:28:44,860 INFO Iter : 89000 	 LR : 0.00003 	 training loss : 2.08878 	 
2025-04-21 21:28:48,088 INFO Val. loss : 4.495 	 CER : 0.0124 	 WER : 0.0281 	 
2025-04-21 21:33:05,005 INFO Iter : 89100 	 LR : 0.00002 	 training loss : 2.20440 	 
2025-04-21 21:37:20,679 INFO Iter : 89200 	 LR : 0.00002 	 training loss : 2.34568 	 
2025-04-21 21:41:33,556 INFO Iter : 89300 	 LR : 0.00002 	 training loss : 2.36925 	 
2025-04-21 21:45:49,383 INFO Iter : 89400 	 LR : 0.00002 	 training loss : 2.66247 	 
2025-04-21 21:50:05,868 INFO Iter : 89500 	 LR : 0.00002 	 training loss : 2.36562 	 
2025-04-21 21:54:19,166 INFO Iter : 89600 	 LR : 0.00002 	 training loss : 2.00376 	 
2025-04-21 21:58:34,387 INFO Iter : 89700 	 LR : 0.00002 	 training loss : 1.73323 	 
2025-04-21 22:02:47,358 INFO Iter : 89800 	 LR : 0.00002 	 training loss : 1.86572 	 
2025-04-21 22:07:02,514 INFO Iter : 89900 	 LR : 0.00002 	 training loss : 1.71188 	 
2025-04-21 22:11:16,962 INFO Iter : 90000 	 LR : 0.00002 	 training loss : 2.13821 	 
2025-04-21 22:11:20,192 INFO Val. loss : 4.495 	 CER : 0.0122 	 WER : 0.0270 	 
2025-04-21 22:15:33,866 INFO Iter : 90100 	 LR : 0.00002 	 training loss : 2.25816 	 
2025-04-21 22:19:49,426 INFO Iter : 90200 	 LR : 0.00002 	 training loss : 1.98269 	 
2025-04-21 22:24:02,281 INFO Iter : 90300 	 LR : 0.00002 	 training loss : 2.17882 	 
2025-04-21 22:28:17,841 INFO Iter : 90400 	 LR : 0.00002 	 training loss : 2.02158 	 
2025-04-21 22:32:33,809 INFO Iter : 90500 	 LR : 0.00002 	 training loss : 1.95382 	 
2025-04-21 22:36:47,237 INFO Iter : 90600 	 LR : 0.00002 	 training loss : 2.29393 	 
2025-04-21 22:41:03,044 INFO Iter : 90700 	 LR : 0.00002 	 training loss : 1.94845 	 
2025-04-21 22:45:18,696 INFO Iter : 90800 	 LR : 0.00002 	 training loss : 1.99458 	 
2025-04-21 22:49:31,461 INFO Iter : 90900 	 LR : 0.00002 	 training loss : 1.76866 	 
2025-04-21 22:53:47,426 INFO Iter : 91000 	 LR : 0.00002 	 training loss : 2.03366 	 
2025-04-21 22:53:50,627 INFO Val. loss : 4.444 	 CER : 0.0120 	 WER : 0.0266 	 
2025-04-21 22:58:04,699 INFO Iter : 91100 	 LR : 0.00002 	 training loss : 2.27638 	 
2025-04-21 23:02:20,844 INFO Iter : 91200 	 LR : 0.00002 	 training loss : 2.15117 	 
2025-04-21 23:06:37,392 INFO Iter : 91300 	 LR : 0.00001 	 training loss : 1.57332 	 
2025-04-21 23:10:51,203 INFO Iter : 91400 	 LR : 0.00001 	 training loss : 1.76091 	 
2025-04-21 23:15:08,039 INFO Iter : 91500 	 LR : 0.00001 	 training loss : 1.96735 	 
2025-04-21 23:19:25,302 INFO Iter : 91600 	 LR : 0.00001 	 training loss : 2.03401 	 
2025-04-21 23:23:38,501 INFO Iter : 91700 	 LR : 0.00001 	 training loss : 1.87189 	 
2025-04-21 23:27:53,162 INFO Iter : 91800 	 LR : 0.00001 	 training loss : 1.97633 	 
2025-04-21 23:32:06,202 INFO Iter : 91900 	 LR : 0.00001 	 training loss : 2.11167 	 
2025-04-21 23:36:22,839 INFO Iter : 92000 	 LR : 0.00001 	 training loss : 2.46182 	 
2025-04-21 23:36:26,025 INFO Val. loss : 4.438 	 CER : 0.0120 	 WER : 0.0266 	 
2025-04-21 23:40:42,088 INFO Iter : 92100 	 LR : 0.00001 	 training loss : 1.85806 	 
2025-04-21 23:44:54,479 INFO Iter : 92200 	 LR : 0.00001 	 training loss : 1.53061 	 
2025-04-21 23:49:09,743 INFO Iter : 92300 	 LR : 0.00001 	 training loss : 2.21560 	 
2025-04-21 23:53:23,932 INFO Iter : 92400 	 LR : 0.00001 	 training loss : 2.21611 	 
2025-04-21 23:57:39,030 INFO Iter : 92500 	 LR : 0.00001 	 training loss : 1.80253 	 
2025-04-22 00:01:53,832 INFO Iter : 92600 	 LR : 0.00001 	 training loss : 1.74472 	 
2025-04-22 00:06:06,669 INFO Iter : 92700 	 LR : 0.00001 	 training loss : 2.08549 	 
2025-04-22 00:10:22,578 INFO Iter : 92800 	 LR : 0.00001 	 training loss : 1.97124 	 
2025-04-22 00:14:37,721 INFO Iter : 92900 	 LR : 0.00001 	 training loss : 2.21942 	 
2025-04-22 00:18:52,052 INFO Iter : 93000 	 LR : 0.00001 	 training loss : 1.62795 	 
2025-04-22 00:18:55,237 INFO Val. loss : 4.470 	 CER : 0.0120 	 WER : 0.0266 	 
2025-04-22 00:23:10,861 INFO Iter : 93100 	 LR : 0.00001 	 training loss : 1.92837 	 
2025-04-22 00:27:24,052 INFO Iter : 93200 	 LR : 0.00001 	 training loss : 1.77434 	 
2025-04-22 00:31:40,458 INFO Iter : 93300 	 LR : 0.00001 	 training loss : 1.71144 	 
2025-04-22 00:35:56,011 INFO Iter : 93400 	 LR : 0.00001 	 training loss : 1.98071 	 
2025-04-22 00:40:09,911 INFO Iter : 93500 	 LR : 0.00001 	 training loss : 1.57808 	 
2025-04-22 00:44:25,812 INFO Iter : 93600 	 LR : 0.00001 	 training loss : 2.11153 	 
2025-04-22 00:48:40,469 INFO Iter : 93700 	 LR : 0.00001 	 training loss : 1.83685 	 
2025-04-22 00:52:53,818 INFO Iter : 93800 	 LR : 0.00001 	 training loss : 2.19546 	 
2025-04-22 00:57:09,275 INFO Iter : 93900 	 LR : 0.00001 	 training loss : 2.09658 	 
2025-04-22 01:01:23,692 INFO Iter : 94000 	 LR : 0.00001 	 training loss : 1.72090 	 
2025-04-22 01:01:26,865 INFO Val. loss : 4.484 	 CER : 0.0119 	 WER : 0.0266 	 
2025-04-22 01:05:41,626 INFO Iter : 94100 	 LR : 0.00001 	 training loss : 1.87378 	 
2025-04-22 01:09:57,749 INFO Iter : 94200 	 LR : 0.00001 	 training loss : 2.03470 	 
2025-04-22 01:14:11,168 INFO Iter : 94300 	 LR : 0.00001 	 training loss : 1.65685 	 
2025-04-22 01:18:26,914 INFO Iter : 94400 	 LR : 0.00001 	 training loss : 1.72617 	 
2025-04-22 01:22:39,059 INFO Iter : 94500 	 LR : 0.00001 	 training loss : 1.91529 	 
2025-04-22 01:26:55,207 INFO Iter : 94600 	 LR : 0.00000 	 training loss : 1.88908 	 
2025-04-22 01:31:11,117 INFO Iter : 94700 	 LR : 0.00000 	 training loss : 1.59596 	 
2025-04-22 01:35:24,621 INFO Iter : 94800 	 LR : 0.00000 	 training loss : 1.81052 	 
2025-04-22 01:39:40,928 INFO Iter : 94900 	 LR : 0.00000 	 training loss : 1.72679 	 
2025-04-22 01:43:57,072 INFO Iter : 95000 	 LR : 0.00000 	 training loss : 2.00380 	 
2025-04-22 01:44:00,348 INFO Val. loss : 4.490 	 CER : 0.0117 	 WER : 0.0266 	 
2025-04-22 01:48:13,948 INFO Iter : 95100 	 LR : 0.00000 	 training loss : 2.21474 	 
2025-04-22 01:52:28,848 INFO Iter : 95200 	 LR : 0.00000 	 training loss : 2.04516 	 
2025-04-22 01:56:41,721 INFO Iter : 95300 	 LR : 0.00000 	 training loss : 1.89905 	 
2025-04-22 02:00:57,387 INFO Iter : 95400 	 LR : 0.00000 	 training loss : 2.27466 	 
2025-04-22 02:05:12,253 INFO Iter : 95500 	 LR : 0.00000 	 training loss : 2.08098 	 
2025-04-22 02:09:27,183 INFO Iter : 95600 	 LR : 0.00000 	 training loss : 1.86021 	 
2025-04-22 02:13:44,207 INFO Iter : 95700 	 LR : 0.00000 	 training loss : 1.58607 	 
2025-04-22 02:18:00,676 INFO Iter : 95800 	 LR : 0.00000 	 training loss : 1.91394 	 
2025-04-22 02:22:13,001 INFO Iter : 95900 	 LR : 0.00000 	 training loss : 1.77730 	 
2025-04-22 02:26:28,684 INFO Iter : 96000 	 LR : 0.00000 	 training loss : 1.70467 	 
2025-04-22 02:26:31,854 INFO Val. loss : 4.486 	 CER : 0.0117 	 WER : 0.0266 	 
2025-04-22 02:30:44,929 INFO Iter : 96100 	 LR : 0.00000 	 training loss : 1.89236 	 
2025-04-22 02:35:02,732 INFO Iter : 96200 	 LR : 0.00000 	 training loss : 1.92958 	 
2025-04-22 02:39:18,826 INFO Iter : 96300 	 LR : 0.00000 	 training loss : 1.79091 	 
2025-04-22 02:43:31,281 INFO Iter : 96400 	 LR : 0.00000 	 training loss : 1.80760 	 
2025-04-22 02:47:48,384 INFO Iter : 96500 	 LR : 0.00000 	 training loss : 1.37682 	 
2025-04-22 02:52:00,980 INFO Iter : 96600 	 LR : 0.00000 	 training loss : 2.06907 	 
2025-04-22 02:56:17,511 INFO Iter : 96700 	 LR : 0.00000 	 training loss : 1.49750 	 
2025-04-22 03:00:32,634 INFO Iter : 96800 	 LR : 0.00000 	 training loss : 1.62649 	 
2025-04-22 03:04:44,693 INFO Iter : 96900 	 LR : 0.00000 	 training loss : 1.61573 	 
2025-04-22 03:09:01,348 INFO Iter : 97000 	 LR : 0.00000 	 training loss : 1.53996 	 
2025-04-22 03:09:04,506 INFO Val. loss : 4.468 	 CER : 0.0117 	 WER : 0.0266 	 
2025-04-22 03:13:19,506 INFO Iter : 97100 	 LR : 0.00000 	 training loss : 2.04810 	 
2025-04-22 03:17:32,568 INFO Iter : 97200 	 LR : 0.00000 	 training loss : 1.67294 	 
2025-04-22 03:21:48,481 INFO Iter : 97300 	 LR : 0.00000 	 training loss : 2.12497 	 
2025-04-22 03:26:01,970 INFO Iter : 97400 	 LR : 0.00000 	 training loss : 1.50801 	 
2025-04-22 03:30:19,230 INFO Iter : 97500 	 LR : 0.00000 	 training loss : 2.00086 	 
2025-04-22 03:34:34,797 INFO Iter : 97600 	 LR : 0.00000 	 training loss : 1.73504 	 
2025-04-22 03:38:48,138 INFO Iter : 97700 	 LR : 0.00000 	 training loss : 1.52722 	 
2025-04-22 03:43:03,587 INFO Iter : 97800 	 LR : 0.00000 	 training loss : 1.77028 	 
2025-04-22 03:47:19,788 INFO Iter : 97900 	 LR : 0.00000 	 training loss : 1.79093 	 
2025-04-22 03:51:32,812 INFO Iter : 98000 	 LR : 0.00000 	 training loss : 1.59429 	 
2025-04-22 03:51:36,036 INFO Val. loss : 4.466 	 CER : 0.0117 	 WER : 0.0266 	 
2025-04-22 03:55:52,728 INFO Iter : 98100 	 LR : 0.00000 	 training loss : 1.65252 	 
2025-04-22 04:00:06,339 INFO Iter : 98200 	 LR : 0.00000 	 training loss : 1.41741 	 
2025-04-22 04:04:21,354 INFO Iter : 98300 	 LR : 0.00000 	 training loss : 1.69264 	 
2025-04-22 04:08:37,275 INFO Iter : 98400 	 LR : 0.00000 	 training loss : 1.94259 	 
2025-04-22 04:12:50,726 INFO Iter : 98500 	 LR : 0.00000 	 training loss : 2.05704 	 
2025-04-22 04:17:05,926 INFO Iter : 98600 	 LR : 0.00000 	 training loss : 2.01173 	 
2025-04-22 04:21:19,607 INFO Iter : 98700 	 LR : 0.00000 	 training loss : 1.97036 	 
2025-04-22 04:25:36,323 INFO Iter : 98800 	 LR : 0.00000 	 training loss : 1.60496 	 
2025-04-22 04:29:52,373 INFO Iter : 98900 	 LR : 0.00000 	 training loss : 1.80575 	 
2025-04-22 04:34:06,324 INFO Iter : 99000 	 LR : 0.00000 	 training loss : 1.75100 	 
2025-04-22 04:34:09,506 INFO Val. loss : 4.462 	 CER : 0.0117 	 WER : 0.0266 	 
2025-04-22 04:38:25,856 INFO Iter : 99100 	 LR : 0.00000 	 training loss : 2.18819 	 
2025-04-22 04:42:41,749 INFO Iter : 99200 	 LR : 0.00000 	 training loss : 1.67249 	 
2025-04-22 04:46:54,464 INFO Iter : 99300 	 LR : 0.00000 	 training loss : 1.89956 	 
2025-04-22 04:51:11,158 INFO Iter : 99400 	 LR : 0.00000 	 training loss : 1.90657 	 
2025-04-22 04:55:25,290 INFO Iter : 99500 	 LR : 0.00000 	 training loss : 1.48891 	 
2025-04-22 04:59:41,322 INFO Iter : 99600 	 LR : 0.00000 	 training loss : 1.61657 	 
2025-04-22 05:03:57,748 INFO Iter : 99700 	 LR : 0.00000 	 training loss : 2.08190 	 
2025-04-22 05:08:11,713 INFO Iter : 99800 	 LR : 0.00000 	 training loss : 1.93632 	 
2025-04-22 05:12:27,924 INFO Iter : 99900 	 LR : 0.00000 	 training loss : 1.95335 	 
